path,category,reason,loc,math_hits,definitions,imports,sha256
20260620T0535_orthad_carried_phase_walk.py,direct,equation-bearing symbolic/numeric research implementation,48,12,med;phase_sign,math,eb71c186829c7bedb25769253d39dbe583e69bb09619a45ad598e72765fab39b
20260710T234301_qbl_b_defect_investigation.py,direct,equation-bearing symbolic/numeric research implementation,77,3,constants;binet_log_correction;scan;main,__future__;argparse;csv;json;collections;pathlib;mpmath;sympy,24235da9fd9fd19ac1639a99b33f030759a5a28fcb26a5987875a945e7360daf
20260711T064604_derive_j.py,direct,equation-bearing symbolic/numeric research implementation,495,46,_jsonable;constants;symbolic_system;load_prior_trace;empirical_from_trace;boundary_scan;boundary_precision_check;metrics_high_precision;metrics;write_csv;run;main,__future__;argparse;csv;json;math;collections;dataclasses;pathlib;typing;mpmath;numpy;sympy,26b5789ef4ea6e50d6b8a2f232b64b2cd5f0a69f2d35cd372370f7ad313a37fa
20260711T074914_derive_symbolic_language.py,direct,equation-bearing symbolic/numeric research implementation,788,104,constants;_jsonable;symbolic_system;find_one;load_trace;load_prior_transition_counts;empirical;Affine;compare_affine;max_affine;min_affine;cylinder_initial;edge_envelope_word;length3_table;direct_current_cylinders;edge_path_count;markov_order_counterexamples;complexity;boundary_interval_certificate;metrics_high_precision;write_csv;run;main;__add__;__sub__;scale;divide;eval;plain;latex;intersect;image;lo;hi;interval_payload;frac,__future__;argparse;csv;hashlib;json;math;collections;dataclasses;decimal;fractions;pathlib;typing;mpmath;numpy;sympy,65a131ab0526aaec8d8ade78cb6eedbf7a009fb0c54fd4a33572f10ccb7f7e40
20260711T083401_derive_affine_language.py,direct,equation-bearing symbolic/numeric research implementation,440,121,jsonable;write_json;write_csv;constants;outward_a_bounds;Affine;affine_range;compare_affine;max_aff;min_aff;cylinder_initial;edge_envelope;generate_levels;fraction_decimal;interval_payload;exact_markov_witnesses;load_trace;load_prior_counts;empirical;symbolic_core;hp_metrics;boundary_interval_certificate;mod1_affine;boundary_follower_pairs;follower_signature_counts;run;main;__add__;__sub__;scale;divide;eval_fraction;plain;payload,__future__;argparse;csv;json;math;collections;dataclasses;decimal;fractions;pathlib;typing;mpmath;numpy;sympy,cddc3d0fdb4a378b3d5f8237b490794c261befb2ac5f788b6e9c620ce40ac782
20260711T103100_derive_affine_language.py,direct,equation-bearing symbolic/numeric research implementation,542,149,jsonable;write_json;write_csv;constants;outward_a_bounds;Affine;affine_range;compare_affine;max_aff;min_aff;cylinder_initial;edge_envelope;generate_levels;fraction_decimal;interval_payload;exact_markov_witnesses;load_trace;load_prior_counts;empirical;symbolic_core;hp_metrics;boundary_interval_certificate;mod1_affine;image_after_word;follower_region_geometry;boundary_follower_pairs;follower_signature_counts;run;main;__add__;__sub__;scale;divide;eval_fraction;plain;payload,__future__;argparse;csv;json;math;collections;dataclasses;decimal;fractions;pathlib;typing;mpmath;numpy;sympy,5f5faef9c1be6cf9c389718a9cf432102e65ca6b8b41a12f7191c8371d7916d2
20260711T110131_derive_threshold.py,direct,equation-bearing symbolic/numeric research implementation,37,1,fib_pair;mA;yA;rho;main,__future__;argparse;hashlib;json;math;sys;pathlib;mpmath,7d217510bd48e5f251463d7c03e50e691a37bf68ca7fb652db977ce8115ddec9
20260711T113107_derive_threshold.py,direct,equation-bearing symbolic/numeric research implementation,206,4,fib_pair;m_A;exact_symbolic_checks;universal_dependency_graph;finite_regressions;main,__future__;argparse;json;math;pathlib;mpmath;sympy,4b280b90eb5431c77588b24a5fd08881497307647080a146e62ccff02357f9fb
20260711T120831_derive_factor.py,direct,equation-bearing symbolic/numeric research implementation,109,12,fib_pair;threshold;main,__future__;argparse;csv;json;math;pathlib;mpmath;sympy,ba8dd25b3671f9ae062880fa59f950ebb776b30a811f4495c680bd9fc5422878
20260711T134500_derive_factor_scope.py,direct,equation-bearing symbolic/numeric research implementation,131,12,sha256;fib;threshold;cap;simulate;main;fd,__future__;argparse;csv;hashlib;json;math;pathlib;mpmath;sympy,bc28faf4b93a34a3ee67938d2338d10afed71d6774f62d1b3ac69c4a767e1e88
20260711T142511_derive_primary_pairing.py,direct,equation-bearing symbolic/numeric research implementation,151,16,sha;cap;simulate_first_domain;threshold;main,__future__;argparse;csv;hashlib;json;pathlib;fractions;sympy;mpmath,dcb705b5bc190e0f6e3dac2c3a5c43cdef53ba06cf89e8d175bbede6568a3ff1
20260711T145038_model.py,direct,equation-bearing symbolic/numeric research implementation,258,5,sha256;write_json;write_csv;load_json,__future__;dataclasses;pathlib;typing;csv;hashlib;json,dcd93925dd119a2537eb2d9a4d12722ad05474a4dc507832591ee11c0684b2b4
20260711T145605_derive_type_boundary.py,direct,equation-bearing symbolic/numeric research implementation,258,22,capacity;j_start;can_b;simulate_boundaries;local_first_domain;dump_json;main,__future__;argparse;csv;hashlib;json;pathlib;fractions;sympy,fa51b9d6fa579fc1dffa0d4550b88b26586198abd82208cb6f0b47f40131a3a8
20260711T162253_derive_domain_invariant.py,direct,equation-bearing symbolic/numeric research implementation,252,16,write_json;read_trace;validate_trace;word_counts;exact_symbolic_checks;main,__future__;argparse;csv;json;math;collections;pathlib;typing;sympy,f2be12f7543dd77333db6025449a33c2e29e9ed9347ffd3b957971fa572b4c64
20260711T162758_model.py,direct,equation-bearing symbolic/numeric research implementation,124,22,sha256_bytes;sha256_file;normalize_excerpt;excerpt;source_specs;build_source_ledger;star_semantics_rows;candidate_rows;result_card;hermitian_obstruction;first_L_relations,__future__;csv;hashlib;json;pathlib,a23a6a695d64e34e38500afa212744c43f336b6eae1a2d34a590dea3399bf7b2
20260711T174605_derive_articulation_boundary.py,direct,equation-bearing symbolic/numeric research implementation,447,11,sha256;write_json;write_csv;State;step;simulate_boundaries;read_accepted_trace;words;d0_classification;triangular_return_control;fiber_split_control;main;N;j_start;j;product;next_pair;capacity;can_q;can_b;boundary,__future__;argparse;csv;hashlib;json;collections;dataclasses;pathlib;typing,1925e90cdebcce671e6cffec2ebf1eb56c0c46de256bcccf1b78064bb7218ef3
20260711T194326_derive_bql_action_boundary.py,direct,equation-bearing symbolic/numeric research implementation,133,34,dump;main;scalar_text,__future__;argparse;csv;json;re;fractions;pathlib,23d1d99376eff0b567f6db0e86ae516de712482a1f655ffaa48058fbf9dfa2c5
20260711T214822_derive_state_forced_action.py,direct,equation-bearing symbolic/numeric research implementation,260,5,Custody;N;j_start;cap;can_q;can_b;select;lawful_custody_step;step_by_letter;a_text;run_domain0;Primary;Coupled;restrictions;primary_case;complete_step;induced_descendants;independent_descendants;run_external_selector_countermodel;run_independent_descendant_countermodel;main,__future__;argparse;csv;json;dataclasses;pathlib;typing,01f39249438f2e1751e84a3ac234b9e896363dfdbff467c92626688d96b8c508
20260711T224358_derive_ppgrl.py,direct,equation-bearing symbolic/numeric research implementation,143,23,sha256;stable;mul_i;div;zstr;main,__future__;argparse;csv;hashlib;json;fractions;pathlib,3e98eb0770d49a0fe8c8642b6b7ed211da132fa1b86d554dcfb63e67f914ca8f
20260711_072509_reaudit_v8p_against_clean_qbl.py,direct,equation-bearing symbolic/numeric research implementation,215,19,sha256;zero_matrix;replay_word;zero_pre_l_omegas_survival;zero_post_l_lens_survival;omega_minus_mismatch_count;run_verifier_corruption_test;main,__future__;csv;hashlib;json;shutil;subprocess;sys;tempfile;dataclasses;pathlib;orthad_canon;orthad_canon;orthad_canon;orthad_canon;orthad_canon,f9cd7b1300b489c2e9431a12c8b6f4f9da0048660e636f70bf4a8e033a7a93cd
CF000Lean.c,direct,research algorithm/exact arithmetic implementation,42,0,,,e47f6be2201aa22ee6495de00cf6b8175ad12ab98a2e295e7fef498c4544a49f
CF00_residual_checks.py,direct,equation-bearing symbolic/numeric research implementation,198,65,matrix_cancel;max_abs_matrix;cinner;main,__future__;json;os;sys;pathlib;typing;sympy,7b743b2b5084919723bb6c93960cda279b9c4d3a519088f3871357be2c743a1e
CF01_SSH_Metriplectic_Invariant_sympy.py,direct,equation-bearing symbolic/numeric research implementation,106,16,fail;main;metric_component,sys;sympy,723ea37799c5efb51c32b1ad2f71caa5321be11e67e5d7108aa58ca84405bb23
CF01_TwoBand_QGT_Determinant_Ratio_sympy.py,direct,equation-bearing symbolic/numeric research implementation,106,17,fail;main;metric_component,sys;sympy,5ebeace2260ec0556a641aac546e1d5c9da23a3bbfd211e7b7a1797deaeb7765
CF02_symbolic_checks.py,direct,equation-bearing symbolic/numeric research implementation,82,17,contact_vector_field;reeb;contact_bracket,__future__;json;sympy,99d7e71a84db3a9b2560d0866846432fb3eaef35d8a1f40cfbe3c9a437dc2946
CF06_sympy.py,direct,equation-bearing symbolic/numeric research implementation,105,29,ricci_scalar_symbolic;matrix_exact_equal,__future__;json;sys;sympy,3bb671a95013771230de0aed82d8e377b51145907e3b3fee94e9fb8d4ef4e995
CF10_symbolic_checks.py,direct,equation-bearing symbolic/numeric research implementation,79,3,d2q9_moment_checks;shell_series_checks;main,__future__;json;sympy,307fc5f96a196a7e7434ac894c22b78c82f64e349937135aa36962976cf21983
CF10_xi_proof_check.py,direct,equation-bearing symbolic/numeric research implementation,118,35,,json;math;sympy,786c2966f39285e515e95e3d0d5b7c348be45ea17fd1390ad77a0ee3528df2bf
CF16_Weinberg_Numeric_Closure_sympy.py,direct,equation-bearing symbolic/numeric research implementation,98,2,Gate;fail;require;main,__future__;math;sys;dataclasses;typing;sympy,6463d3aec6592a647b363f69229c5fcfdcf97d762973200f04f9c0fbe51c0ee6
CF18_sympy_validation.py,direct,equation-bearing symbolic/numeric research implementation,73,15,quadratic_reduction_metrics;channel_additivity_metrics;main,__future__;json;pathlib;sympy,c8d5d3592a750727a59fec3a21b720baf701628b5fd883c635e918ee74ebe1b1
Void_Debt_Modulation.py,direct,reusable mathematical/dynamical algorithm or solver component,140,7,VoidDebtModulation;__init__;get_universal_domain_modulation;get_all_domain_modulations;print_modulation_table;validate_modulation_consistency,numpy;Void_Equations;Void_Equations,771d06b88423b8f777f4f03ef4cf28e100eeabff439b82774486391b2c969e58
Void_Equations.py,direct,reusable mathematical/dynamical algorithm or solver component,108,35,delta_re_vgsp;delta_gdsp;universal_void_dynamics;get_universal_constants,numpy,455885c6658d08a262ad2fccfa4b0fa8928f4c95e6441bb928f52f00db01d2b5
announce.py,support,local dependency required by retained target sparse_connectome.py,76,0,Observation;validate_observation,__future__;dataclasses;typing,d280fb5b9a1e81b4e2ce8ef1b54344fe7bdd2038ed5d0d80e6c4e5b9b763730e
available_source_boundary_attack_v55.py,direct,equation-bearing symbolic/numeric research implementation,36,11,,__future__,fabb8f8cc78ec942e67eb99e9b0e10fcf2e35872790cc80bcabbe9d4dcedbb5f
base_adapter.py,direct,reusable mathematical/dynamical algorithm or solver component,237,17,EchoAdapter;initial_state;forward_step;reverse_step;energy_norm_delta;random_correction;assisted_correction;apply_correction;correction_work;copy_state;calibration_gates,__future__;abc;typing;numpy,7e22490ecf85798016409a4444a3fd59294780a57fbbdd95ab50901a24f87516
base_decay_map.py,direct,reusable mathematical/dynamical algorithm or solver component,139,1,BaseDecayMap;__init__;_decay_to;add;_prune;fold;snapshot;q,__future__;typing;math;random;heapq,9426696e805cf28109fbc1cdb00f7c8d3b2b4b4df4fd9e82f765d37291e73aa9
baseline_extractors.py,support,local dependency required by retained target phase_radix_block_search.py,121,3,bbp_hex_digit;bbp_hex_digits;chudnovsky_pi_str;pi_hex_plain;run_smoke_benchmarks;S,__future__;decimal;functools;typing;math;time;json,2120d074adb680bad52ac2d984a7feabe1834e1b9aa01ca498c855d4d66b9c8a
basis.py,direct,reusable mathematical/dynamical algorithm or solver component,77,24,BasisAtom;FeatureMap;RetainedBasisFrame;default;size;design_matrix;expression;from_dataset;raw_coefficients,__future__;dataclasses;typing;numpy,98379a8aa8a0b24d7dff29fd401cb4433ed8b202bb905428d93fe7e46786fcda
bring_quintic_root_certificate.py,direct,equation-bearing symbolic/numeric research implementation,57,16,main,__future__;json;pathlib;sympy;pc_branch_certifier,294862efb5810f0198747ca98ac84f5921827e2e4886ee11b90addca12583ebd
cf000_origin_arena_sympy.py,direct,equation-bearing symbolic/numeric research implementation,32,3,,json;pathlib;sympy,55569fa9bd55a076befb53b2f381db128be994587ad2d50b7dc543eb70cd791a
cf000_structural_witness_sympy.py,direct,equation-bearing symbolic/numeric research implementation,91,1,main,__future__;json;pathlib;sympy,ac991df37cbf2fee3b8f77e4ff1e98e677c762111a63e646f49ea1366b258cff
cf05_sympy_verification.py,direct,equation-bearing symbolic/numeric research implementation,109,23,jacobi_components;residual_sum;main,__future__;json;pathlib;sympy,07a933bd9e34bbacaf3167a2f391e3928856547b8e5bf00c9cc0e4901ebcf796
cf07_sympy_attack.py,direct,equation-bearing symbolic/numeric research implementation,157,85,trace_norm_2x2_hermitian;kl;main;spectral_norm_sympy_2,__future__;json;math;pathlib;numpy;sympy,f5a75d864d6e51633abfd4b63e4e7a119ada00069df02b0b29b613f16418fd95
cf11_entropy_exchange_check.py,direct,equation-bearing symbolic/numeric research implementation,40,5,run_check,__future__;json;os;sympy,45bee29650180d07e3a759653caf47730d63c0b6aa692be1cbe08b84e7225e8c
cf11_eos_identity_check.py,direct,equation-bearing symbolic/numeric research implementation,53,3,run_check,__future__;json;os;sys;sympy,bf34189d4a8e21aa7d36025f7964678c0aded8e76d062f4c64b998bd513f7de6
cf11_forced_lifted_quotient_check.py,direct,equation-bearing symbolic/numeric research implementation,53,28,run_check,__future__;json;os;sympy,29947c9799c4b322ddd82fc6c767b8eac73ee6a719d42c9bbed96d8a08b33790
cf11_forced_quotient_check.py,direct,equation-bearing symbolic/numeric research implementation,62,9,run_check,__future__;json;os;sympy,ce4216967ededacf91cf6e01bd1726e8c9bbe60a50d93c1b2c2751b0bdc68026
cf11_forced_quotient_lower_bound_check.py,direct,equation-bearing symbolic/numeric research implementation,35,9,run_check,__future__;json;os;sympy,53598de64e00308fa18b947725c317eae220d072a9c57d16278dd52746449d18
cf11_hierarchy_sound_speed_check.py,direct,equation-bearing symbolic/numeric research implementation,39,3,run_check,__future__;json;os;sympy,4815a2bcb139f0ba754a35af3b116e484f39fd0e392603a14a65b0a938973351
cf11_higher_order_leakage_check.py,direct,equation-bearing symbolic/numeric research implementation,41,6,run_check,__future__;json;os;sympy,826e5ea329e9c966f3c5affbc791ace2aa7c2e4ed85c2bafe4c82bdc93a439ae
cf11_m_sector_limits_check.py,direct,equation-bearing symbolic/numeric research implementation,38,3,run_check,__future__;json;os;sys;sympy,c1ae434a1e2f723976b61067cda3ff35aca5c2a4e8aab9b10a5fe75d7b0fc38f
cf11_operator_channel_projection_check.py,direct,equation-bearing symbolic/numeric research implementation,35,14,run_check,__future__;json;os;sympy,2223bd2f77af751001aef152b7059b03274599b66996def42272a073f8d8f0e7
cf11_phase_quotient_check.py,direct,equation-bearing symbolic/numeric research implementation,57,13,_max_abs_matrix_entry;run_check,__future__;json;os;sympy,3af88809f178ca1f4080f4cf9e3ae4b9ab5a128d4d285ad52c74409f5c9cb25b
cf11_projector_hessian_check.py,direct,equation-bearing symbolic/numeric research implementation,58,8,_max_abs_matrix_entry;run_check,__future__;json;os;sys;sympy,e71345a6d38845b27650a6f1567c9307b9da69b0e92c0d6ad1601bb11bd9b317
cf11_proxy_metriplectic_check.py,direct,equation-bearing symbolic/numeric research implementation,54,15,run_check,__future__;json;os;sys;sympy,95eb62858f334eb4f4696e46b447106203c9c4ef304d9944395a17ec84ec497a
cf12_sympy_checks.py,direct,equation-bearing symbolic/numeric research implementation,90,10,main,__future__;json;pathlib;sympy,874a4f8c319d2d3c309fe699b9f2a66cb043562738f93d2ba7679a7b40e3b8d9
cf13_sympy_audit.py,direct,equation-bearing symbolic/numeric research implementation,149,49,rotation_numeric;distorted_rotation_numeric;frob_norm;centered_slope;sech;main,__future__;json;math;pathlib;numpy;sympy,f9918cac58eeaf7234040e4f0e12d16eb4b690a0a7fda8cf13154d71bc8c8741
cf14_sympy_checks.py,direct,equation-bearing symbolic/numeric research implementation,109,6,simplify_zero;main,__future__;json;pathlib;sympy,9f4d63e8c424481b95e25f1a1770e8df800690728d96dbd99815ce949b14a8e7
cf15_sympy_checks.py,direct,equation-bearing symbolic/numeric research implementation,148,30,particle_noether_identity;particle_rotation_comparison;angular_momentum_poisson_comparison;field_current_identity;j_limb_identity;m_limb_drift_identity;equilibrium_restoration_identity;stress_energy_divergence_identity;expression_to_string;main;poisson,__future__;json;pathlib;typing;sympy,9cc5d4eb261bfebba25a682572739814788ff5575e8d8c8b26bc6d213f8e4fcd
cf16_weinberg_skeptic_audit.py,direct,equation-bearing symbolic/numeric research implementation,219,24,Anchor;balanced_corridor;check;integer_linear_uniqueness;finite_assignment_ablation;matrix_checks;main;product;sum;gap;chiral_edge_count,__future__;dataclasses;fractions;math;json;sys;pathlib;sympy,f816fc612d1390f670538daf301d79e958f2d6d8a29bb25326bc852c8dd4eeba
cf17_symbolic_checks.py,direct,equation-bearing symbolic/numeric research implementation,118,11,main,__future__;json;sympy,b75b3f701ca9938f15f4966616eff99bc596c25691ef6cc123e391a29f7fb1aa
cf19_executable_replay_attack_v52.py,direct,research algorithm/exact arithmetic implementation,24,0,B;iterB,math,d30b91576adf436cc41a65c3c203a794af21072113ab53ffcfd04bf7deb8f154
cf19_extension_sympy.py,direct,equation-bearing symbolic/numeric research implementation,121,10,classical_coeffs;quarter_kernel_coeff;quarter_coeffs;sympy_quarter_prefix;quarter_i_kernel_label;main,json;math;sympy,ba816614e329d455eb41bbba7bb4d8aeaa4c48da0002746a946cdc0637c90dcc
cf_involution_algebra_check.py,direct,equation-bearing symbolic/numeric research implementation,49,3,,__future__;json;sympy,beaaaef7fe851cab83c4adeecdf06a76b20419cc0e3bbb28ec4632b58e942b44
coldmap.py,direct,reusable mathematical/dynamical algorithm or solver component,175,1,ColdMap;__init__;touch;_prune;_score;snapshot;_pct,__future__;typing;random;math;heapq,723fad370a3f8b666652f2ba94ba006205cca133b2e4e4f84d69bf043e171215
compiler.py,direct,reusable mathematical/dynamical algorithm or solver component,126,16,_entry;_pair_phase;_gauss_phase;_coverage_plus;_coverage_minus;_pairing;refine_pair;apply_q;apply_b;apply_l,__future__;dataclasses;orthad_canon,ae3b4974ca3bcf7b64aa9082717539d9e88e0ce9d61521e11f1620af2ea3d191
composite_metrology_saturation_sweep.py,direct,equation-bearing symbolic/numeric research implementation,422,24,fib_pair_product_log2;capacity_log2;generate_schedule;main,__future__;json;math;time;pathlib;matplotlib;numpy;pandas,baa8a6d2aa1ef96170002f60890b27cda9481c5ce9692a79180f5b1f18eecb55
connectome.py,direct,reusable mathematical/dynamical algorithm or solver component,522,76,Connectome;__init__;stimulate;stimulate_indices;step;_add_bond;_decohere_bonds;_measure_cold_node;get_state,__future__;typing;numpy;void_equations;gauge,20850865087a0c322bed08db974e6f06f29a484531029482307363a784a6ce27
coupling.py,direct,reusable mathematical/dynamical algorithm or solver component,64,12,canon_pair;CouplingReport;extract_coupling;matrix_signature,__future__;dataclasses;itertools;math;typing;events,f1dd01792d4b45d679ddb33d9f9290cb44b0c56186363dfbd5f3d80016a43a6b
cross_corpus_state_completeness_attack_v54.py,direct,equation-bearing symbolic/numeric research implementation,96,12,Witness;run,dataclasses;typing,d7fb15657f01941897eab980a6055139658b06687e13a4d474862c8c960fcb7d
dataset.py,direct,reusable mathematical/dynamical algorithm or solver component,34,10,RegressionDataset;__post_init__;n;demo,__future__;dataclasses;numpy,d579b45701af143fa4dbd8f231990782907fda3e6f13391dd563275d69dac0fa
diagnostics.py,direct,reusable mathematical/dynamical algorithm or solver component,292,57,_ensure_adjacency;_shortest_path_distances;estimate_mass_gap_from_phi;PulseSpeedEstimator;__init__;_bfs_from_center;begin;observe;finalize,__future__;math;typing;numpy,00ff7c7165125184310eb4325ac85190bf5a211b540f5d7f0558c90edc66eea8
dsu.py,direct,reusable mathematical/dynamical algorithm or solver component,101,23,DSU;__init__;find;union;grow_to;same_set;count_sets,__future__;typing;numpy,2b7816e03ffc79fab28aabbc33906b3eb1f37836af4738c8fdbb08fd9cab751a
echo_gates.py,direct,reusable mathematical/dynamical algorithm or solver component,220,10,gate_noether;gate_h_theorem;gate_energy_match;gate_strang_defect;gate_ceg_positive;aggregate_gate_ledger;check_all_gates,__future__;typing,0d51828b27727f00bbc13b83eb456e90f11042c921a7c8ce0be3c07a76920abf
echo_metrics.py,direct,reusable mathematical/dynamical algorithm or solver component,360,9,ceg;_lam_key;run_echo_protocol;emit_artifacts,__future__;json;time;typing;numpy;adapters;gates;pathlib,cfa2e7e2ce458246f163b278483dd7357a21d9e40071eecf35400f172429142a
events.py,support,local dependency required by retained target coupling.py,48,0,Event;Q;B;L;P;modulus_for;token;depends_on,__future__;dataclasses;math;typing,60121f1d3cd140782030295c7c3f5059d912a977185ae193c7ee87e74ca4f4d0
exact_second_pass.py,direct,equation-bearing symbolic/numeric research implementation,124,12,f;plus_cov;minus_cov,__future__;json;itertools;pathlib;sympy,485ff3e29db88dc48f426b7835cdd5860fa4cf601b606f541f8e1a1a73fdd2b8
experimental_consequences_sympy.py,direct,equation-bearing symbolic/numeric research implementation,78,11,,json;pathlib;sympy,03d73f07fd43ec068e90059deeaac6301df9c58ce09dfebc51b4175efe249c0b
extension_closure_sympy.py,direct,equation-bearing symbolic/numeric research implementation,171,31,check;B_pair;dot_scaled,__future__;fractions;itertools;sys;sympy,55d46f90505e439d5cc7aa80d0f30f8f05fb3178461edf2d207a9d670d842b7e
fibonacci.py,direct,reusable mathematical/dynamical algorithm or solver component,50,5,ResolutionCertificate;balanced_step;balanced_pair;certificate_for_depth;depth_for_floor,__future__;math;dataclasses;fractions,41fb45d5e08b5f6b9328308ccedc1b038dddcee33d2467627c604eeacfa67162
field.py,direct,reusable mathematical/dynamical algorithm or solver component,362,5,MemoryField;__init__;_decay_to;_ensure_and_decay;_prune;fold;snapshot;get_m;get_many;update_from_events;snapshot_head;snapshot_dict;D_a;Lambda;Gamma;Theta;q,__future__;typing;math;random;vdm_rt;heapq;heapq,a020d02a7d01f117f5051618534dfabd369a0aeaa9deec1d4ef90ba93c9327ce
first_b_relational_orthad.py,direct,equation-bearing symbolic/numeric research implementation,144,28,strict_order_edges;is_lawful_pointed_order;chart_plus;chart_minus;compose;invert_map;first_b_update;calculate,__future__;itertools;json;fractions,323862f6e18c7f1b99093157578776ec81b609a18b158085089bcd2deb279981
first_l_emergence_cascade.py,direct,manually confirmed mathematical mining target,634,168,G;State;norm_sq;total_norm_sq;point_count;doubled_area;write_csv;linear_fit;wilson_domain_wall;main;zero;one;mul_i;scale;norm_sq;text;initial;clone;phase_positions;capacity;emit;tick;layers;fmt,__future__;csv;hashlib;itertools;json;math;dataclasses;fractions;pathlib;numpy;matplotlib,4070a94256fa7fe19d5bc2266fcb39b1e169a659faf6cc3db3f6dd1d963e4a03
first_l_hierarchical_relation_grid.py,direct,equation-bearing symbolic/numeric research implementation,641,54,ExactComplex;fraction_text;AxisRelation;PrimitiveState;RelationGrid;invert;compose;map_json;run_to_first_l;calculate;__add__;__sub__;__mul__;__rmul__;as_pair;text;validate;edges;plus_chart;minus_chart;transfer_plus_to_minus;transfer_minus_to_plus;active_determination;q_update;b_update;json;phase_positions;capacity;next_pair;can_b;can_q;selected;step;json;blocks;block_counts;b_update;q_update;old_embedding;old_recovery;old_point_recovery_residual;old_edge_recovery_residual;factor_maps;chart_blocks;transfer_maps;transfer_square_residual;transfer_block_naturality_residual;json,__future__;json;dataclasses;fractions;typing,0ef7c40ee86dfbaba2562014a20a935423d5a6a043fc392497ef0863a79db614
first_q_relational_orthad.py,direct,equation-bearing symbolic/numeric research implementation,265,5,canonical;expr_key;invert_map;compose;pushforward_edges;mismatch_count;calculate;edge_json;map_json,__future__;json;typing;sympy,8c0021e98ae104752185b063f6e5acf342caeacd1253a1d2807ec91a9122d2ca
fitness.py,direct,reusable mathematical/dynamical algorithm or solver component,60,13,FitnessResult;evaluate_candidate;to_jsonable,__future__;dataclasses;typing;numpy;pcsr;pcsr;pcsr,19c57a87130701de66ef2057a28c64fd9ec5590504b0f84869875f5c464da788
four_predeep_closure.py,direct,equation-bearing symbolic/numeric research implementation,889,289,G;State;norm_sq;flatten;relation_map;relation_energy;cross_energy;doubled_area;weighted_triangle_current;qgt_cell;wilson_domain_wall;write_csv;normalized_mode;periodic_coulomb;main;zero;one;__add__;__sub__;mul_i;scale;norm_sq;complex;text;initial;clone;layers;phase_positions;capacity;emit;tick;coulomb;yukawa;f,__future__;csv;hashlib;itertools;json;math;dataclasses;fractions;pathlib;typing;matplotlib;numpy;sympy;scipy;scipy,35f2833cc4b4c3964f931f2b09843fe07f13e4a2ae7a8ee2c606164b73dd11b6
gauge.py,direct,reusable mathematical/dynamical algorithm or solver component,310,53,WalkerEvent;thermal_velocity;emit_counts;_select_neighbor;propagate_one;run_gauge_step,__future__;dataclasses;typing;numpy,0738a7195776f9aaa1433c638e504e27e59f3b42ef2d022e485f6bb45847c16c
gdsp.py,direct,reusable mathematical/dynamical algorithm or solver component,532,45,GDSPActuator;run_gdsp_synaptic_actuator;get_gdsp_status_report;_AdaptiveThresholds;__init__;_grow_connection_across_gap;_prune_connections_in_locus;trigger_homeostatic_repairs;trigger_performance_growth;_execute_reinforcement_growth;_execute_exploratory_growth;trigger_maintenance_pruning;run;status_report;__init__;update_and_adapt;record_structural_activity,__future__;typing;numpy;collections;scipy;scipy;scipy,2790fb3aa8ae59e9f39bbee493b8d60a9e376e2da29965cfb7c55b76c4039c33
global_system.py,direct,reusable mathematical/dynamical algorithm or solver component,252,42,ADC;SIE;should_run;_kmeans_1d;_cohesion_score;run;_ensure_state;_normalize;_hsi_norm;compute,__future__;dataclasses;typing;numpy,ea04cdd82445988b68eb891d4030106aadc56d3f1965ad1ff92f45e77fb2fd6b
growth_arbiter.py,direct,reusable mathematical/dynamical algorithm or solver component,149,12,GrowthArbiter;__init__;clear_history;update_metrics;accumulate_and_decide,collections;typing;numpy;Void_Equations,a1ac414a48a31c1357117e0136ce182f7e210a7b859b89973898c3543ba0b699
heisenberg.py,direct,reusable mathematical/dynamical algorithm or solver component,42,1,HState;multiply;inverse;commutator;visible;order_charge,__future__;dataclasses,fdc68df28d9348153b107c477440f105fdaa9adc84c17c79535606b50276c645
invariants.py,direct,reusable mathematical/dynamical algorithm or solver component,307,9,_percentile;check_site_constant_of_motion;compute_memory_groups;logistic_motion_invariant_value;check_logistic_motion_invariant;kinetic_c2_from_kappa;kinetic_c2_from_J;_get,__future__;typing;math,0d43c94a058a9f9d326a4f2bd215af08592a11d149bd928376d2819474ef90ca
kg_reference_adapter.py,direct,reusable mathematical/dynamical algorithm or solver component,232,42,KGReferenceAdapter;__init__;initial_state;forward_step;reverse_step;energy_norm_delta;random_correction;assisted_correction;correction_work;calibration_gates,__future__;typing;numpy;sys;pathlib;adapters;core,0815aaa530949da59a97c64fcdb6ce2f4649059ec3ff0027e9cc28966ee0ae0a
lifted_quintic_certifier.py,direct,equation-bearing symbolic/numeric research implementation,321,56,XiHat;Pi;B_pair;B_lift;lexicographic_roots;normalization_scale;normalize_root;refine_to_half_width;complex_json;certify_bring_quintic;certify_all_roots;save_plot;build_parser;main;c;half_width;to_jsonable,__future__;argparse;cmath;json;math;dataclasses;pathlib;typing;matplotlib;sympy,123ca733d35e1f17e8166742e33962df687a2e6e3b69a769f09142bd4c547605
lifted_shell_projection_f1a.py,direct,equation-bearing symbolic/numeric research implementation,299,99,ShellConfig;fit_beta;fibonacci_corridor;shadow_residual;step_state;run_case;run;make_figures;main,__future__;argparse;json;dataclasses;pathlib;typing;numpy;matplotlib,80e780161ef1a3d177e8ebe40266d9b226ae5cf69983ebcbbc7be970a0d539b1
lifted_state.py,direct,equation-bearing symbolic/numeric research implementation,101,12,BalancedPair;XiHat;__post_init__;product;remainder;refine;to_jsonable;__post_init__;theta;kappa;c;half_width;phase_mod4;Q;B;L;visible_witness;to_jsonable,__future__;cmath;math;dataclasses;fractions;typing,c277fe14fb0cc87b9a6e8911309380a12ca917df165349a1958b2d4e7495a370
light_identification_exact.py,direct,equation-bearing symbolic/numeric research implementation,507,107,GaussianFraction;ExactOrthadState;norm_sq;qgt_cell;normalized;inner;plaquette_phase;gauge_invariance_error;exact_bianchi_residual;linear_fit;svg_line;write_csv;main;zero;one;mul_i;scale;norm_sq;to_complex;initial;phase_positions;capacity;emit;tick;state;state;loop_phase;px;py,__future__;cmath;csv;hashlib;json;math;random;dataclasses;fractions;pathlib;typing,ad3674d340f4c51898a361e8a0d0aecee3bb9688039c262ca333ab75d6ac8f73
memorymap.py,direct,reusable mathematical/dynamical algorithm or solver component,333,4,MemoryMap;__init__;_snapshot_from_field;_decay_to;_ensure_and_decay;_prune;fold;snapshot;q,__future__;typing;math;random;vdm_rt;heapq;heapq;heapq,bdd2d114d2fe5811697fd8bf1762f6f595f02e223eef20879ae325f46b8db3c6
metrics.py,direct,reusable mathematical/dynamical algorithm or solver component,117,10,compute_metrics;connectome_entropy;StreamingZEMA;__init__;update,numpy;math,aa76c426554938d4c4355450b9714757efa9e91f7f395fd416d0f9837eac4286
modal_f1a_scaling_hammer.py,direct,equation-bearing symbolic/numeric research implementation,122,12,tier_cases;run_case;main,__future__;json;pathlib;modal;subprocess;sys;pathlib;json,7bef051725658248942f493edcb182bd335fcb5e55b0e07f67f4c9fa3894e640
monodromy_memory_state_completeness_attack_v51.py,direct,equation-bearing symbolic/numeric research implementation,33,7,,__future__;sympy,37743cf84444320a1dc5c2628534909afb87a6600a7848c2a7f651c623b1b780
native_area_biform_probe.py,direct,equation-bearing symbolic/numeric research implementation,514,42,G;State;doubled_area;vertex_rows;gf2_rank;triangle_complex;boundary_vector;divergence;epsilon;local_biform;edge_relation;write_csv;main;zero;one;__add__;__sub__;mul_i;scale;norm_sq;text;initial;clone;layers;phase_positions;capacity;emit;tick;map_vertex;f,__future__;csv;itertools;json;dataclasses;fractions;pathlib,2656e795c55d5fa8bc1d4660b56f3ed6b21dac8db312370273cbaead5903bf59
native_baryon_hydrogen.py,direct,equation-bearing symbolic/numeric research implementation,1008,231,write_json;write_csv;sha256;RecurrenceState;recurrence_handoffs;standard_su3;kron;parity;epsilon_color_state;total_baryon_color_generators;epsilon_color_certificate;permutation_matrix_sf;operator_on_three;spin_flavor_operators;sector_indices;explicit_spin_flavor_state;spin_flavor_certificate;outer_span;relative_basis;quark_wilson_curvature;relative_hamiltonian;permute_relative;baryon_relative_spectrum;baryon_convergence;periodic_path_operators;ors_clifford;wilson_energy;wilson_group_velocity;dispersion_certificate;radial_hydrogen_spectrum;count_radial_nodes;hydrogen_certificate;upstream_snapshot_check;plot_outputs;main;phase_positions;capacity;emit;tick,__future__;csv;hashlib;itertools;json;math;dataclasses;fractions;pathlib;typing;matplotlib;numpy;scipy;scipy;scipy,b07e1a9e3ea9bed7753ebf63f1a0ac37210381137f62662340d7053d8d9ea6dc
native_baryon_relation_dynamics.py,direct,equation-bearing symbolic/numeric research implementation,623,130,G;State;reversal;b_map;b_chart_defect;excess_mode;standard_su3;kron;parity;baryon_color_singlet;total_baryon_generators;write_json;write_csv;sha256;upstream_history_check;weighted_quantile;profile_certificate;main;zero;one;mul_i;scale;norm_sq;complex;text;initial;clone;phase_positions;capacity;emit;tick;convert,__future__;csv;hashlib;json;math;os;sys;dataclasses;fractions;itertools;pathlib;typing;matplotlib;numpy,05e979647b327390374f44aa1f50bb21e8e9f5fd384a6a80fb40dc37fa0e51c2
native_baryon_transport_hydrogen.py,direct,equation-bearing symbolic/numeric research implementation,796,123,G;State;reversal;b_map;b_chart_defect;exact_profile;complex_weighted_mean;weighted_norm;uniform_mean;uniform_norm;squared_distance_mean;baryon_host_energy;serialize_layers;sha256_bytes;expected_three_line_span;baryon_host_energy_float;radial_levels;write_json;write_csv;file_sha256;upstream_history_check;main;zero;one;mul_i;scale;norm_sq;complex;text;initial;clone;phase_positions;capacity;emit;tick;convert,__future__;csv;hashlib;json;math;os;sys;dataclasses;fractions;itertools;pathlib;typing;matplotlib;numpy;scipy;sympy,d011ea217b1afcf099bab8fd4ef8a55b86795efcf2471b9e5709d3c3ba7163dd
native_biology_derivation.py,direct,equation-bearing symbolic/numeric research implementation,119,17,LiftedState;edge_residual;normalized_edge_bonus;quarter_weight;total_weight_budget;triplet_words;occurrences_per_base;total_acceptors;centered_count;named_centered_counts;host_partition_counts;anchor_projection;summary_payload;A_mod,__future__;dataclasses;fractions;itertools;typing;json,2ada095cb7292c069bb463464dbfdd5bd5b55eecf08ef8c65b61f03d91191bd3
native_biology_sympy.py,direct,manually confirmed mathematical mining target,44,1,check,__future__;sys;sympy,eb31f36cf1a7107e63c2945127d827f58fe05a069d75b17351f9b7e3bc8dbf39
native_color_flux.py,direct,equation-bearing symbolic/numeric research implementation,765,161,G;ExactState;SummaryState;reversal;b_map;b_chart_defect;canonical_index_vector;standard_su2;standard_su3;block_su3_on_one_plus_three;matrix_span_residual;commutant_dimension;cross_relation_energy_summary;write_csv;sha256;main;zero;one;mul_i;scale;norm_sq;complex;initial;phase_positions;capacity;emit;tick;__init__;phase_positions;capacity;emit;tick,__future__;csv;hashlib;json;math;sys;collections;dataclasses;fractions;pathlib;matplotlib;numpy,ba07c4f2504c28896e3a63ddde74a999684643a6de214cc3edf2df2f14b475ee
native_color_singlet_composites.py,direct,equation-bearing symbolic/numeric research implementation,697,182,standard_su3;kron;total_meson_generators;total_baryon_generators;meson_singlet;parity;baryon_singlet;symmetric_rgb_state;projector;quadratic_casimir;clustered_spectrum;invariant_nullity;color_burden_matrices;color_components;incidence_matrix;compact_chain_current;current_cost;matrix_expectation;pair_correlations_meson;pair_correlations_baryon;write_json;write_csv;sha256;upstream_history_check;main,__future__;csv;hashlib;json;math;dataclasses;fractions;itertools;pathlib;typing;matplotlib;numpy,f0b0fc200fd5aab0038020ac4aa6aca1b9dbfdba38a46335e331db7a86270e31
native_emergence_search.py,direct,equation-bearing symbolic/numeric research implementation,667,95,G;State;total_norm;area2;flatten_points;nonzero_support_counts;first_l_boundary_matrices;reversal;b_map;b_chart_defect;defect_metrics;generalized_su_basis;su_closure_residual;endpoint_orientation;write_csv;hash_file;main;zero;one;mul_i;scale;norm_sq;text;initial;clone;layers;phase_positions;capacity;emit;tick;f,__future__;csv;hashlib;itertools;json;math;os;sys;dataclasses;fractions;pathlib;typing;matplotlib;numpy,b7dce2d55f3a10b5f54f5f056e3b629c7f52352f0ac459003d7a62523da7f1d1
native_first_generation_closure.py,direct,equation-bearing symbolic/numeric research implementation,414,34,WeylField;sha256;write_json;write_csv;exact_weight_solution;exact_charge_spectrum;exact_yukawa_residuals;first_generation_fields;exact_anomalies;exact_native_unit_normal_couplings;make_figures;main;multiplicity,__future__;csv;hashlib;json;math;dataclasses;pathlib;matplotlib;numpy;sympy,8a27342239560552b4c03c57ab3e0f16052879ea35087945a42cac49a9adaee4
native_lepton_hypercharge_yukawa.py,direct,equation-bearing symbolic/numeric research implementation,543,82,G;State;run_runtime;cross_relation_energy;exact_native_clifford;exact_path_operators;exact_three_layer_kernel;exact_hypercharge_solution;exact_yukawa;write_csv;hash_file;main;zero;one;__add__;__sub__;mul_i;scale;norm_sq;complex;text;initial;clone;phase_positions;capacity;emit;tick,__future__;csv;hashlib;json;math;sys;dataclasses;fractions;pathlib;matplotlib;numpy;sympy,c3b72f7571bc93fc1ef93ab02104d0d3d146cf76927d35aa4dd36ba5490054c3
native_multimode_atomic_emission.py,direct,equation-bearing symbolic/numeric research implementation,635,139,file_sha256;write_json;write_csv;log_fibonacci;log_pair_product;pair_ratio;reconstruct_domain16_envelope;radial_levels;build_exchange_hamiltonian;diagonal_evolution;state_at;trace_probabilities;main;convert,__future__;csv;hashlib;json;math;os;pathlib;typing;matplotlib;numpy;scipy;scipy,d15e46f3b79a5d0fe693838bb6aeea35cad2a70d2e615d1cdac5b8084e52c49a
native_operator_closure.py,direct,equation-bearing symbolic/numeric research implementation,897,313,G;State;norm_sq;flatten_completed;normalized_state;projected_derivative;finite_qgt;analytic_qgt;berry_connection;phase_generator;overlap_link;plaquette_phase;completion_phase_budget;endpoint_phase;mass_sign;path_operators;ors_clifford;native_wilson_kernel;mode_metrics;padded_normalized;cross_relation_energy;interface_normal_operator;write_csv;hash_file;main;zero;one;__add__;__sub__;mul_i;scale;norm_sq;complex;text;initial;clone;layers;phase_positions;capacity;emit;tick;fmt,__future__;csv;hashlib;itertools;json;math;sys;dataclasses;fractions;pathlib;typing;matplotlib;numpy,aa5a65ebc2361e8244d8a3d6931444dcd80e882de6cc136fd298bee7e6cff6f6
native_phase_live_decoder_v10.c,direct,equation-bearing symbolic/numeric research implementation,346,7,,,7432f79fe93f885ff46bdaa10522c602f38d7eaf9beec44cda72c2dfd6d0e23e
native_phase_local_decoder_v9.c,direct,equation-bearing symbolic/numeric research implementation,346,7,,,700c0034354ef4bc06128770e8fe91074b8a96ce720ddf3859b5c1dfe96ed923
native_phase_packet_v5.c,direct,equation-bearing symbolic/numeric research implementation,495,7,,,be85276242243278f56b1c0de425eee55b844116c5beaf0faca4e4d9c02e0439
native_phase_packet_v6.c,direct,equation-bearing symbolic/numeric research implementation,401,12,,,28b5235977981d86ee1ed85d86b4b637fed087f2260a3e7269b7b76179cd8306
native_phase_packet_v7.c,direct,equation-bearing symbolic/numeric research implementation,309,11,,,265581e93304d99ff93e1fb81470ad2d1a67ef5f16531d94097b32929d286f12
native_phase_packet_v8.c,direct,equation-bearing symbolic/numeric research implementation,309,11,,,2a2053b7f813b597dd976cbc886ecbadfb955e73bc7c84b390fd252d30a60522
ns3d_pseudospectral_f1a.py,direct,equation-bearing symbolic/numeric research implementation,339,171,SolverConfig;fftn;ifftn;wave_numbers;dealias_mask;project_incompressible;curl_hat;gradient_phys;rhs;rk4_step;init_field;shell_indices;fit_beta;shell_diagnostics;run;make_figures;main,__future__;argparse;json;dataclasses;pathlib;typing;numpy;matplotlib,dda98eea73825edaa8fcf39b3574e8286adbac75f49243eaf064cee0fea52f58
operators.py,direct,reusable mathematical/dynamical algorithm or solver component,32,1,PCOp;apply_op;parse_op,__future__;enum;pcsr,5b2fe6d889f2628c7b94bc1862e594158633b1cc7186ae876dad51d76364d248
orthad_birth_transport.py,direct,equation-bearing symbolic/numeric research implementation,277,70,Coeff;bit_count_for_A;carrier;walsh_phase;phase_quarters;shift;primary_closed;seed_primary;translate_point;transport_B;transport_Q;transport_L;extract_primary_coordinates;validate_primary;chart_plus;chart_minus;transfer_forward;transfer_forward_from_derivative;transfer_reverse;descendants;clean_reference;monomial_C;dense;matmul;conjM;maxdiff;verify_phi;Custody;Lifted;build_initial;__post_init__;zero;one;star;scale;phase_shift;mul;to_complex;N;j;capacity;can_q;can_b;select;step,__future__;dataclasses;fractions;typing;cmath;math,6acba48688d9b72bec1403c41d284656116da202edee432c789440f36df672ef
orthad_multilayer_exact.py,direct,manually confirmed mathematical mining target,85,3,MultilayerOrthad;initial_state;execute_ticks;b_update;q_update;l_update;step;layer_sizes;relation_counts;transfer_square_residual,__future__;dataclasses;typing;first_l_hierarchical_relation_grid,a9cf46a25fd3a590ad3fdcfc951b8d2b7164473786e2d26347d593e02ddd52dd
orthad_multilayer_execution.py,direct,manually confirmed mathematical mining target,292,6,load_v21;HierarchicalRelationGrid;run;main;layers;validate;block;blocks;block_counts;factor_map;chart_block;chart_count_residual;transfer_map;transfer_inverse_residual;transfer_naturality_residual;b_update;q_update;l_update;completed_unchanged;old_block_embedding_residual;summary;add_check,__future__;argparse;importlib;json;sys;dataclasses;pathlib;typing,667f92a252a4b202f787975e9803e22e973906d1c29ec13edb114967d8189123
orthad_state.py,direct,equation-bearing symbolic/numeric research implementation,141,5,OrthadFrame;_base_visible;_retained_legal;_retained_legal_rewrite;_retained_flip;_retained_cocycle_bad;_retained_sparse_baseline;make_frame;make_sequence;symbol_to_indices;frame_to_indices;symbols,__future__;dataclasses;hashlib;typing,82f2404b03e6d4ef609c3ce3d2f31cf9bfe01660cf6d244d89d8c4675c59cfca
overflow_to_55_89_code.py,direct,manually confirmed mathematical mining target,145,2,balanced_step;trace_to_anchor,math;pathlib;pandas;matplotlib;matplotlib,07ddaccf4e4e84283c30a2eacaca841d89de9322420495694e1f71668cf3089f
pc_branch_universal_sympy_audit.py,direct,equation-bearing symbolic/numeric research implementation,85,29,load_report;assert_gate;packet_E;main,__future__;json;pathlib;mpmath;sympy;pc_branch_certifier;pc_branch_certifier;pc_branch_certifier,be7bcd0cc87d1426101cb356676b85be4c75c5c59f365f3925c15328f3ffd3ab
pc_inverse_word_sympy_audit.py,direct,equation-bearing symbolic/numeric research implementation,96,24,exact_zero;main,__future__;json;math;sys;pathlib;sympy;pc_inverse_word_certifier;pc_inverse_word_certifier,6ea6af315fbd2299565d4adbcb4034ed91b2e67a50d11149d2c2f2b140c0574a
pc_monodromy_certifier.py,direct,manually confirmed mathematical mining target,6,0,,pc_monodromy,a75ee72365aead25d4cc1b740e1f660540dd0115dbfce2e45a8de6ac4f2f6068
pc_monodromy_global_sympy_audit.py,direct,equation-bearing symbolic/numeric research implementation,52,7,check;main,__future__;pathlib;sys;sympy;pc_monodromy_certifier;pc_monodromy_certifier;pc_monodromy_certifier,fa340c44679998acf4add37deac7c655dc6e3ad41de10d2407672c4d50dbf880
pc_monodromy_sympy_audit (copy).py,direct,equation-bearing symbolic/numeric research implementation,46,7,check;main,__future__;pathlib;sys;sympy;pc_monodromy_certifier;pc_monodromy_certifier;pc_monodromy_certifier,7ff08ed58f157bba8a1bb29d22eca1127d2b5720cd9a64130a3bc356e5310448
pc_monodromy_sympy_audit.py,direct,equation-bearing symbolic/numeric research implementation,68,15,transitions;main,__future__;json;pathlib;sympy,c4eb7f12ad51f005c79595906d57759d4ef43d70381930ba520dd4f1dc8c84c5
pc_vdm_lifted_descent_audit.py,direct,equation-bearing symbolic/numeric research implementation,92,14,check;bpair;main,__future__;sys;pathlib;sympy,757a7d6fa2465f7c581490f40b3fbd1d3ee2cb7e6b58dfd67e0bc797d6b55919
pc_vdm_lifted_descent_solver_sympy_audit.py,direct,equation-bearing symbolic/numeric research implementation,53,8,assert_zero;main,__future__;sys;sympy,368a88ecf27d75a54e1596e0e160bfde997478e02f88be5938b3504959edc959
pcsr_sympy_validation.py,direct,equation-bearing symbolic/numeric research implementation,69,7,check;bpair;main,__future__;sys;sympy,ea0b36b82702ae5d2dd2e2e339cf3d47b24cad1dd9469ba9e89a4a064080f933
pencil_yinyang_transform_attack_v48.py,direct,equation-bearing symbolic/numeric research implementation,16,4,,sympy,fa7f79d6956e06814313805dc99187d608406a4813e6a13b5be35f8f141d28f0
phase3_v1_general_shadow_sweep.py,direct,equation-bearing symbolic/numeric research implementation,177,24,legendre_symbol;chi12_vector;chi8_vector;legendre_vector;delta_vector;S_matrix;orientation_cancel_worst;theta_vec;D_vec;S_apply_mp;transform_errors;main,__future__;cmath;csv;json;math;pathlib;mpmath;numpy,d8c8e43e2ef0f888d8770f6a32704c08542de5b6c08c8f6519d24a0d014d408c
phase3_v2_modular_b_operator_family.py,direct,equation-bearing symbolic/numeric research implementation,358,80,ensure_out;write_csv;write_json;PhasePair;YiOctal;WilhelmState;DomainGateResult;phase_rows;yi_rows;wilhelm_rows;gate_results;write_outputs;refined;product;ratio_num_den;as_text;successor;complete;value;active_low_digit;as_octal_lsd;as_octal_msd;flip;carrier_only;full_text,__future__;csv;json;dataclasses;pathlib;typing,c5a5a8f0d237f4e5d4586be3af74b6ddd05dd9f2e82c12b64354c2fc12ff18e3
phase3_v2_sympy_audit.py,direct,equation-bearing symbolic/numeric research implementation,35,12,,__future__;json;pathlib;sympy,f6ec95e1bdf706904aa7bb91bbf6186e5414690e1f259cf60e17e7fc6651e4c9
phase3_v3_full_audit_generator.py,direct,equation-bearing symbolic/numeric research implementation,472,173,phase_visible_next;phase_visible_proj;B_pair;phase_product_proj;succ_octal_lsd;octal_low_proj;octal_value;octal_str;flip_bit;wilhelm_proj_carrier;wilhelm_next;mono_proj_sheet;mono_next_append_g;shadow_scalar_projection;shadow_positive_readout;shadow_next_weight;yy_proj_components;yy_next_transform;add;write_csv,__future__;csv;json;hashlib;math;os;shutil;zipfile;pathlib;fractions;nbformat,04391c0518e3b2ec5ab9276a53ba5db23678ca2a16c30dbabd38e2d00c52493d
phase3_v3_projection_loss_theorem_corpus.py,direct,equation-bearing symbolic/numeric research implementation,10,3,,__future__;json;pathlib,b89245b8f996ec19b08b5dc469071f9675fef4797d99c4ccb2ca70e0f3d7dc3c
phase3_v4_ancient_yi_carry_lift.py,direct,research algorithm/exact arithmetic implementation,74,0,value_lsd;digits_lsd;display;succ;run,__future__;argparse;json;pathlib,efff3faa67ad0cf4feaf39a3fba02c353b29a364761d11c3570001e57780d13f
phase3_v5_wilhelm_six_line_ladder.py,direct,research algorithm/exact arithmetic implementation,27,0,flip_line;hamming,itertools,ed4fdac7683b298ebcba0f3f2bb7bcb3b39fae207e338f97fe3234807c76baf5
phase4_v1_general_shadow_ii.py,direct,equation-bearing symbolic/numeric research implementation,559,157,S_matrix;T_diag;reversal_matrix;is_multiple;orbit_rank;theta_vec;transform_errors;chi12_vec;chi8_vec;legendre_vec;custom_even;custom_odd;even_ok;derivative_cancellation_ok;positive_nonzero_terms;scalar_closure,os;json;csv;math;cmath;hashlib;zipfile;shutil;pathlib;fractions;numpy,2ff24f9b629732ee3651f887bd919773207ad3169cdab694d48379b7557e0016
phase4_v2_modular_B_classification.py,direct,equation-bearing symbolic/numeric research implementation,527,210,write_csv;write_json;sha256;FareyPair;YiState;WilhelmState;Classification;classify;phase_farey_evidence;yi_evidence;wilhelm_evidence;S_matrix;T_diag;shadow_residue_evidence;B;uv;text;succ;complete;value;text;msd;flip;text,__future__;csv;json;math;cmath;hashlib;zipfile;shutil;textwrap;dataclasses;pathlib;typing;nbformat;numpy,8f02f2a12e40194f3aeb9a21ee18ad69582ac740f15d531c9c3542a244cc5741
phase4_v3_projection_loss_formalization.py,direct,equation-bearing symbolic/numeric research implementation,38,4,Collision;collision_blocks_custody;main,dataclasses;csv;json;pathlib,ea680fc66bf691a163b1da6e8feedc07d0920ab249060c236ab1b187ca0ccf27
phase4_v5_wilhelm_lift_rechart.py,direct,research algorithm/exact arithmetic implementation,25,0,flip_line;audit_line6,itertools,63b29c0443257654ab00bbcac4f8c9bb4c8ff14e64b0655a997eb04b4865ab2a
phase5_v1_b_scale_phase_fusion_test.py,direct,equation-bearing symbolic/numeric research implementation,451,172,B_step;B_orbit;steps_until;cexp;fmtc;sha256_path;write_csv;weil_G;weil_F;derive_for_N,__future__;csv;json;math;cmath;hashlib;zipfile;shutil;pathlib;fractions,5c73cb7d7e02954605cbdb2efbf60c05bc064b25eef56d2757c0ee128348af95
phase5_v1_canon_repair_corrected_protocol.py,direct,equation-bearing symbolic/numeric research implementation,26,15,weil_F;weil_G;compare_readout,math;cmath;csv;json,0a3087832fc339a2bf5c8c49dbcc5f5a1817191b886e9f0e4caaefa071c4cca6
phase5_v1_corrected_orientation_derivation.py,direct,equation-bearing symbolic/numeric research implementation,570,140,native_orientation_read;write_matrix_csv;weil_F;weil_G;max_abs_diff;max_offdiag_abs;max_diag_diff,__future__;csv;json;math;cmath;hashlib;shutil;zipfile;pathlib;datetime,1ab7557d92642301c43e47321c7211c60bdf61b0f8004cc360e34efac1cea06b
phase5_v1_orthad_overset_dual_lens_transfer_test.py,direct,equation-bearing symbolic/numeric research implementation,33,5,transfer_matrix;matmul;conj_transpose;eye;max_abs_diff;reversal_matrix,__future__;math;cmath;csv;json;hashlib;pathlib,4531c8006b57f387a704cf659d077845f6ec2d06f96297527ad5fe03bec6da11
phase5_v1_orthad_overset_quadratic_self_twist_gauss_test.py,direct,equation-bearing symbolic/numeric research implementation,402,168,cfmt;write_csv;sha256;matmul;conj_transpose;max_abs_diff;identity,pathlib;json;csv;hashlib;math;cmath;zipfile;shutil;os;datetime,298b1fd631ca8afed6c091d52945f958fd5a8160b245dae010e5b217c3598fde
phase5_v1_primitive_to_weil_generation.py,direct,equation-bearing symbolic/numeric research implementation,32,6,weil_S;weil_T;identity;perm_shift;max_abs_diff,__future__;math;cmath,c7ea71076bc7e1bb8dbbd4aedc5d641e1a03f17e62af58389330853647858671
phase5_v1_reopened_orthad_corrected_test.py,direct,equation-bearing symbolic/numeric research implementation,22,5,read_csv,__future__;csv;json;pathlib,2dc58e5fcd9106e970d7de219a9d5b27401693d6d2c6c13d9e342973ec378ca1
phase5_v1_reweighted_Q_budget_test.py,direct,equation-bearing symbolic/numeric research implementation,36,10,budget;f;self_entry;pair_entry;weil_g;weil_f;main,__future__;math;cmath;hashlib;csv;json;pathlib,233e66ca74f5dcc8bac15fed13f69156e7b62a3889a1150937142516645524b4
phase5_v2_orthad_overset_canonization.py,direct,equation-bearing symbolic/numeric research implementation,28,8,K;G;matmul;conjT;identity;reversal;maxdiff,math;cmath,4a56232c09215f8faf23489f1fa3bc713175750de428742a360ef1e2284a34e4
phase5_v3_general_N_stability_test.py,direct,equation-bearing symbolic/numeric research implementation,41,18,K;G;reversal;maxabs;run,math;cmath;hashlib;csv;json;numpy;pathlib,784aa72621c6839608e634eb1c8c3e46d0ec56cd3312a1a2a2f7e14dac2a506e
phase5_v4_character_shadow_residual_reentry.py,direct,equation-bearing symbolic/numeric research implementation,44,21,chi12;chi8;legendre;K;G;main,math;cmath;csv;json;numpy,e0ffeed69d943a9c2f443fc05085d35b907dbb0635bab09b6ef142d7f44ee39a
phase5_v5_orthad_primitive_origin_audit.py,direct,equation-bearing symbolic/numeric research implementation,35,26,cyclic_shift;Kminus;G;reversal;check,numpy,2d7dd65955dfdf796d90b0e090177497911bd31e8f07e5273bd0c1d2f2ef7b35
phase5_v6_regression_stale_canon_repair.py,direct,equation-bearing symbolic/numeric research implementation,36,9,K;G;I;maxdiff;matmul;conjT;reversal;run,__future__;math;cmath;csv;json;pathlib,d35a72bc247a54addc8e740e072f1b36aa3d71dd8a78ef2dfeba9a5a6cd2554d
phase5_v7_closure_attack.py,direct,equation-bearing symbolic/numeric research implementation,29,18,K;G;R;maxabs;pol,math;cmath;json;numpy,4519eed2fee03ae43fe29a47cf04db71dbffdfe195830ad97c33ab56a1d60d5b
phase5_v7b_doubled_orientation_carrier_test.py,direct,equation-bearing symbolic/numeric research implementation,41,18,K;G;reversal;max_abs;audit,math;cmath;csv;json;numpy,6730f1f7b909c80761fcb533bdc5689e110686689a09821242a1afae4d5d83e1
phase5_v7c_doubled_carrier_reverification.py,direct,equation-bearing symbolic/numeric research implementation,43,19,K;G;R;maxabs;check,numpy;math,55bd8938c4df27f150431b316dd8aaa4f140d8c6306e78c3f823ea32259dc39b
phase5_v7d_multi_axis_finite_quadratic_module_test.py,direct,equation-bearing symbolic/numeric research implementation,18,9,elems;lcm;Bval;build,__future__;itertools;math;numpy,c520a89a96179326d8c22657e99bc677b4433118fc949d79dd5b0b2706533531
phase5_v7e_native_inter_axis_coupling_derivation.py,direct,equation-bearing symbolic/numeric research implementation,561,108,sha256_text;sha256_file;group;native_coupling;Bval;well_defined;rep_invariance_residual;gates,os;json;csv;math;cmath;hashlib;zipfile;textwrap;shutil;pathlib;numpy;nbformat,ff8f0a26adc2c07bc16c46c0effc951bef9eee23f9281ba417c3b1f62b564f11
phase5_v7f_coupling_registry_sweep.py,direct,equation-bearing symbolic/numeric research implementation,608,103,gcd;lcm;admissible_step;is_representative_invariant;kernel_size;classify_c;generate_terms;extract_c;terms_to_str;elements;B_raw;B_val;K_matrix;G_diag;reversal_perm;max_abs;property_gates;write_csv,__future__;csv;json;math;cmath;hashlib;zipfile;os;shutil;pathlib;itertools;datetime;numpy;nbformat,d92ae6d07ddebb51a9f4993d4455ac8b3110eabd02e628a3b1a7a23d4c4aabfd
phase5_v7g_multi_axis_coupling_tensor_extension.py,direct,manually confirmed mathematical mining target,8,1,,,2feea7f829aad4bd6486c489484ef787fc3d0f2713b757645e8311a49f22403c
phase5_v7h_pairwise_coupling_reachability_sweep.py,direct,equation-bearing symbolic/numeric research implementation,242,94,lcm;representative_ok;step;radical_size;classify;product_witness;two_product_witness;unit_latch_witness;reach_witness;B;states;matrix_gate;write_csv,os;json;csv;math;cmath;hashlib;zipfile;itertools;textwrap;shutil;pathlib;datetime;numpy,889fe6e92828fdda02c29b535f609b43f63a4321fe28a58858aa5621a9c426cb
phase5_v7i_full_phase5_canon_consolidation.py,direct,equation-bearing symbolic/numeric research implementation,26,42,main,json;math,49706eb964781df6bac26ed91f1739f5007f49f6939c7b93ac7e1c170d8c507b
phase5_v7j_axis_free_overset_grid_revisit.py,direct,equation-bearing symbolic/numeric research implementation,272,92,write_csv;sha256_file;complex_resid;run_checks;main,__future__;csv;json;math;hashlib;pathlib;numpy,d86c8749e99e34efac227584acae148e29eb7cf7c09b5cfc9601ac6ae1d0e465
phase5_v7k_liu2022_mhd_retained_topology_revisit.py,direct,equation-bearing symbolic/numeric research implementation,11,5,,json;pathlib,fd6ebee533e8baec8dde73000d106d7d86b91d2e670f70a5220c82d5f0f8fd89
phase5_v7l_open_flux_disappearance_revisit.py,direct,equation-bearing symbolic/numeric research implementation,12,4,,json;math;pathlib,606e8c03c28433435492ff37ce7a69af391bbb1d621a654d423a7a11b272d02f
phase5_v7m_trace_cocycle_normal_form.py,direct,equation-bearing symbolic/numeric research implementation,450,187,Event;E;dependent;foata;nf_text;extract_c;pair_admissible;radical_size_2;raw_float_B;pol_residual;frac_mod1;edge_phase;cycle_hol;gauge;write_csv;add_case;support;key;text,__future__;csv;json;math;os;shutil;hashlib;zipfile;random;dataclasses;fractions;itertools;pathlib;nbformat,08088748b65c8f98edf8e77900aad224612a77718b46ed2d1dc294a36b9ccccb
phase5_v7n_finite_orthad_qgt_jm_split.py,direct,equation-bearing symbolic/numeric research implementation,658,279,Event;independent;foata_normal_form;lcm;c_native;admissible_c;radical_size_pair;build_j_m;matrix_norm;eig_min;eigvals_sorted;singular_sorted;qgt_gates;product_module_gate_for_pair;latch;local;write_csv;key,__future__;os;json;csv;math;cmath;hashlib;zipfile;itertools;shutil;textwrap;statistics;dataclasses;pathlib;typing;numpy,3504ef8c8b295d8aacaf9dd2a229b9526ef50c00ee468a2e578347c2dca4f7a4
phase5_v7o_contact_latch_boundary_extension.py,direct,equation-bearing symbolic/numeric research implementation,35,4,compute_contact,itertools;json;numpy,2854d0b3d7bb01d34b87d879f4978cc4156534eded110f9ec7e8db60526a35e1
phase5_v7p_native_qbl_event_alphabet.py,direct,equation-bearing symbolic/numeric research implementation,686,112,Event;Support;support;independent;AxisState;RunState;run;foata;legal_swap_once;E;write_csv;write_json;label;ensure;apply;signature,__future__;json;csv;hashlib;zipfile;os;math;random;dataclasses;pathlib;collections;typing;shutil,7d17cc4eb1c5d03049fc90430678d7961a542279253030160f1d1baa5995887a
phase5_v7q_native_transition_assignment.py,direct,equation-bearing symbolic/numeric research implementation,85,13,Elem;Axis;Event;State;support;independent;run;__post_init__;__mul__;inv;div;is_one;key;lens;label;__init__;require;apply,__future__;dataclasses;fractions;collections,bc4ccbf00a8afbe156a88bc5440180c095ff7aedf973b6f88ef3f7bca216c09e
phase5_v7r_fqm_gauge_isometry_classifier.py,direct,equation-bearing symbolic/numeric research implementation,285,55,det2;matmul;transpose;transform;flatten;symmetric_matrices_rank2;gl2;nondegenerate;canonical_key;orbit_size;radical_size;prime_factors;two_primary_note;write_csv;main,__future__;dataclasses;itertools;math;csv;json;pathlib,f0d1f4585645fb9a5589af165875f31e4cccab1503a91241bcaa2a3d60f8e878
phase5_v7s_2primary_normalization_jordan_policy.py,direct,equation-bearing symbolic/numeric research implementation,42,14,mod1;Block;run;__init__;group_elems;q;gauss;brown;norm_key,fractions;math;cmath;json,6ecd8e11cb0d2685843053326350077d19babb95a18a482e046c24e64fd85b75
phase5_v7t_t_to_fqm_extraction.py,direct,equation-bearing symbolic/numeric research implementation,701,161,read_csv;axis_num;lcm;lcm_all;axes_for;mod_vector;pair_contributions;radical_dim;product_ranges;brown_proxy;block_symbol;canonical_key;symmetric_gate;write_csv;rec,csv;json;hashlib;os;shutil;zipfile;math;pathlib;fractions;itertools;nbformat,ed39792a97cf01f25981a80f078de7062e41cf17b0eae99f8749d45ad3e3dd31
phase5_v7u_full_orthad_lens_compiler_binding.py,direct,equation-bearing symbolic/numeric research implementation,360,63,Axis;Event;State;sort_pair;lens_ratio;mul_ratio;inv_ratio;ratio_to_str;event_support;independent;admissible_prefix;compile_history;rec;pair_c;fqm_from_state;frac_mod1;B_value;radical_size;factor;vp;jordan_symbol_key;class_key;permute;write_csv;build_history;main;uv;D;lens_amp;lens;copy,__future__;dataclasses;fractions;itertools;math;csv;json;random;pathlib,7eb3ebf40ef5ae7f604f9572911539691c08a219fbd5e309c47ed0bbfc80a87f
phase5_v7w_parity_seating_post_l_mod12.py,direct,research algorithm/exact arithmetic implementation,37,0,chi12;seat6;parity_latch;seat12_from_latch;verify,__future__;math,81cb7ef6ec64d1fc5655ac4b88b86d2ae2660183c32f95a533b8af6f0b493808
phase5_v7x_depth_follow_channel_readout.py,direct,equation-bearing symbolic/numeric research implementation,578,107,chi12;support;pre_l_seat;parity_latch;post_l_seat;lens_sign;seat_sign;lap_sign;exponent_num;exponent_den;width_for_depth;n_terms;no_latch_post;no_latch_sign;mod8_sign;write_csv;sha256,pathlib;csv;json;hashlib;zipfile;math;textwrap;datetime;nbformat;shutil,abe2f34ef1d65a424a273659480b7ed6c560318a9dba5a6f0e31c9c51b263e42
phase5_v7y_asymmetric_corridor_arbitrary_start_ladder.py,direct,equation-bearing symbolic/numeric research implementation,275,53,fibs;b_step;b_iter;b_inverse;b_inverse_iter;matrix_formula;det_pair;chi12;post_l_seat;canonical_pairs;start_type;make_starts;validate_start;run;write_csv,pathlib;csv;json;math;itertools,4f28dcb99d4ded0105d146d5cccb44250519ea622ade2ccbf8b8c51f8b7f4208
phase5_v7z_mock_theta_fqm_shadow_channel.py,direct,equation-bearing symbolic/numeric research implementation,9,9,,fractions;cmath;math,f557d715086cc9a8f2c046231260d9f5034bf742d680bb70bbced06c7e6651b7
phase5_v8a_all_history_confluence_cocycle.py,direct,equation-bearing symbolic/numeric research implementation,222,18,Ev;norm_edge;support;independent;State;apply_word;dependent;foata_levels;write_csv;build_events;main;name;__init__;sig;apply,__future__;dataclasses;csv;itertools;json;random;pathlib,fe8e88a9f1a2dc7bce3c54b0272639b1e5c51755f03c551686b419385fcf81f4
phase5_v8b_full_fqm_classification_boundary_attack.py,direct,equation-bearing symbolic/numeric research implementation,635,127,gcd;units_mod;factor;legendre_symbol;cyclic_q_key;cyclic_prime_keys;mat_det_2;gl2_mod;transform_sym_2;canonical_sym_2;write_csv;direct_sum_symbol,__future__;csv;json;math;os;shutil;hashlib;zipfile;itertools;random;textwrap;pathlib;datetime,3fd52289f30a68d5d41724384711eab3cac422784ea97bf7d974fba34fd9a50a
phase5_v8d_orthad_generated_fqm_subclass.py,direct,equation-bearing symbolic/numeric research implementation,464,156,lcm;admissible_step;admissible_cs;Presentation;representative_invariant;b_value;q_value;radical_size;primes_of;has_two_primary_cross;classify_route;write_csv;write_json;cdict,__future__;csv;json;math;cmath;hashlib;shutil;zipfile;os;dataclasses;fractions;pathlib;itertools;numpy;sympy,2d6dd3d045c1a4078b8cbeb4dc6db431e955968ece4a47d5791fc6b9c628428d
phase5_v8e_family_f_isometry_classifier.py,direct,equation-bearing symbolic/numeric research implementation,453,200,valid_cs;denom;q_int;b_int;radical_size;gauss_sum;sig_mod8_from_sum;prime_factors;p_primary_elems;invariant_key;allowed_entries;is_auto_matrix;automorphisms;act_on_c;orbit_classes;graph_components;parse_edges_from_v8d_c;edges_from_matrix;parts;find;union,pathlib;os;json;csv;math;cmath;ast;shutil;zipfile;hashlib;textwrap;itertools;math;pandas;numpy;nbformat,77da8f819a7f27b04d3922ece6b3cf73c76840e02d31f8368c7b992d30c809af
phase5_v8f_rank_ge3_family_f_components.py,direct,equation-bearing symbolic/numeric research implementation,418,95,q_num_equal;b_num_equal;order_equal;det_odd;EqualRank3Decider;form_label;chain_forms;disconnected_forms;graph_connected;classify_forms;split_check;graph_components;two_part;project_2core;parse_archival;normalize_equal_chain_from_edges;__init__;target_data;isometric;find;union,pathlib;os;json;csv;math;cmath;ast;shutil;zipfile;hashlib;itertools;textwrap;math;collections;pandas,e65bc2ee0e4e24df1673af1f478e613bbb94a0c232dbf7368a5525f99d83a36b
phase5_v8g_triangles_mixed_highrank_2primary_components.py,direct,equation-bearing symbolic/numeric research implementation,537,103,q_num_equal;b_num_equal;order_equal;det_odd;edge_count;shape_name;EqualRank3Decider;orbit_from_form;classify_equal_all;common_M;edge_dict;q_num_general;b_num_general;order_elem;subgroup_size;isometric_general_same_shape;valid_residues;graph_connected;graph_components;lower_targets_same_shape;classify_general_all;two_part;project_2core;parse_jsonish;__init__;target_data;isometric;rec;find;union,pathlib;os;json;csv;math;itertools;ast;shutil;zipfile;hashlib;math;collections;pandas;pandas,fd0a169a2e5a4d2a3c101df00c887648172b9c29ffcb227d34a9fbfd13bbed8b
phase5_v8h_rank4_exact_closure_rankge5_reduction_attack.py,direct,equation-bearing symbolic/numeric research implementation,350,115,elem_order;q_value;b_value;q_hist;radical_size;gauss_sig;graph_components;gen_size;candidates_for;verify_witness;isometric;edge_tuple_from_list;write_csv;rec,csv;json;math;cmath;hashlib;zipfile;os;shutil;pathlib;itertools;collections;functools,45b16f17c486a078059ab73a502578d78a7d0d453560a0969be92dcfd212a616
phase5_v8i_extended_diagonal_block_decomposition.py,direct,equation-bearing symbolic/numeric research implementation,411,119,read_zip_csv;mod_frac;inv_mod;mat2_inv_mod;B_matrix;apply_col_transform;split_decompose;edges_from_rep_rank4;symbol;write_csv,os;json;csv;ast;zipfile;shutil;hashlib;io;math;pathlib;fractions;itertools;collections;pandas;collections,b16b7bd3cbeae13fffb3b32533f20a553fa1d6db3534f152ed451bcb9fa10763
phase5_v8j_radical_aware_block_decomposition.py,direct,equation-bearing symbolic/numeric research implementation,411,108,parse_list;json_dumps;radical_symbol;gt_block_symbol,__future__;os;json;csv;zipfile;hashlib;shutil;ast;textwrap;pathlib;fractions;pandas,170999112f45594d3a7b6ec839036d93df96388a71b74303f39faf9f9bcc80cb
phase5_v8k_radical_aware_decomposition_redone_under_data_gates.py,direct,equation-bearing symbolic/numeric research implementation,554,117,lcm;edge_choices_for;form_from_dict;make_form;element_order;snf_all_ones;spans;radical_elements_bruteforce;radical_elements_mitm;verify_decomp_certificate;classify_rank4_true_diag;write_csv;write_json;q;b;elem_order_cached;qv;bv;q_value;b_value;q_hist;gen_size;candidates_for;isometric;rec,csv;json;math;shutil;zipfile;hashlib;itertools;os;subprocess;textwrap;pathlib;collections;functools,a23d0bf44e5c4f2f98338db556936530ddcab81d6fb2e89bef1dc008d658a1eb
phase5_v8l_full_decomposition_under_data_gates.py,direct,equation-bearing symbolic/numeric research implementation,447,115,lcm;edge_choices;make_form;elem_order;snf_all_ones;spans;radical_mitm;subgroup_generated;radical_generators;quotient_invariants;form_edges_from_rep;verify_certificate;q4;b4;qhist4;gensize4;cands;verify_wit;isometric;radical_size_form;write_csv;write_json;q;b;rec,csv;json;math;cmath;hashlib;zipfile;os;shutil;itertools;pathlib;collections;functools;sympy;sympy,ab0ed994d52487b66df8ae654dd9954198f012e29b5818745edba11cdf77a59f
phase_block_solution.py,direct,manually confirmed mathematical mining target,147,1,B;depth_to_floor;seed_for_A;truncated_depth;canonical_block_word;execution_coordinate;execution_coordinate_closed;BlockInfo;block_info;emit_blocks;compare_naive_depth_to_pi;write_blocks_csv;main;depth_digit_candidate;coordinate_mod_10,__future__;dataclasses;typing;argparse;csv,0f4f115b3acc4e7db9015e3aa2b859cbd470cbd8c47733eebe7e98e3c20ba45c
phase_block_solution_sympy.py,direct,equation-bearing symbolic/numeric research implementation,48,1,B;depth_to_floor,__future__;sympy,fbd3df5868384a21c39af94e5b8e4a5ca13695bc03abf9547ef0cecd653e2796
phase_calculus_attack_sympy.py,direct,equation-bearing symbolic/numeric research implementation,112,6,B_pair;apply_B_pair;dA;qpoch_residual;shell_recursion_coeffs;classical_mock_theta_coeffs;corrupted_mock_theta_coeffs;main,__future__;json;math;typing;mpmath;sympy,3752e726b7d03a572b177bc60c4c4f640dd6ee7717313339d5a500f0d8e28984
phase_calculus_numeric_certificates.py,direct,equation-bearing symbolic/numeric research implementation,106,16,fib;corridor_pair;apery_zeta3;catalan_partial;gamma_euler_maclaurin;bring_roots;main,__future__;json;decimal;math;pathlib;mpmath;sympy,624a1f2b8452265a4a0df428c24595e7b15016d5a25a6bdf1e9bfbb59e091125
phase_calculus_total_audit.py,direct,equation-bearing symbolic/numeric research implementation,428,73,sha256;add_gate;add_constant;B_pair;corridor;fib;pslq_attack,__future__;csv;hashlib;json;math;re;sys;decimal;pathlib;typing;mpmath;sympy;matplotlib,0ffa1a406c9f3f920caa0f7669d9c11d1a9c29ad92f3802c36dbc1695654de69
phase_four_filter_covariance.py,direct,equation-bearing symbolic/numeric research implementation,980,57,mpf;normalize_angle;phase_arg;abs_diff;serialize_value;State;state_from_sheet;host_step;Q_state;B_pair;B_state;L_state;apply_word;words_upto;deep_words;random_words;intrinsic_edge_phases;intrinsic_branch_pair;green_filter;blue_filter;red_filter;host_phase;yellow_spinor;qgt_projected_numeric;build_biological_slots;yellow_filter;state_from_readout;apply_word_to_filter;filter_error;canonical_states;canonical_anchor_states_for_recovery;recover_green;recover_blue;recover_red;recover_yellow;stripped_product_payloads;stripped_periodic_payloads;corridor_pairs;anchor_orbit_states;biological_gate_rows;qgt_corridor_rows;pairwise_correlation_rows;gate_dataframe;recovery_gate;negative_controls;plot_gate_errors;plot_qgt_corridor;plot_biological_decomposition;plot_correlations;run_analysis;__post_init__;kappa;phi;N;delta;r;germ;phase_focus;apply_P;inner,__future__;dataclasses;itertools;pathlib;csv;hashlib;json;math;random;typing;mpmath;matplotlib;matplotlib;pandas;argparse,73bc8863867f4fb5d0a6631e692b6c61e886918f045c927d0e40144124cb7a06
phase_lift.py,direct,equation-bearing symbolic/numeric research implementation,148,34,BalancedPair;CompletionGerm;PhaseCoordinates;ExtendedLiftedState;__post_init__;product;refine;as_tuple;theta_pi_units;left_pi_units;right_pi_units;width_pi_units;half_width;as_tuple_pi_units;initial;theta;visible_witness;recomputed;with_values;zero;copy_with,__future__;dataclasses;fractions;math;typing;numpy,4e6612771466d02001b9570fe6aa0e98a638b7337aeb568e33b9618b3e26da19
phase_native_live_decoder_v10.py,direct,equation-bearing symbolic/numeric research implementation,554,38,PrepareResult;QueryResult;FixedStateRow;AdaptiveRow;ScalingRow;TrajectoryRow;PacketRow;compile_native;NativeLib;write_csv;sha256sum;required_decimal_digits_for_query;ambiguity_barrier_position;fibonacci;est_q_terms;packet_depth_rows;run_fixed_state_demo;run_adaptive_demo;run_scaling_sweep;run_live_trajectory;summarize;make_notebook;main;__init__;reset;prepare;query;reference_query,__future__;argparse;csv;ctypes;hashlib;json;math;subprocess;time;dataclasses;pathlib;typing,e8703508179d10c3b7587cc83d1d0cd23dcc3e787c75ae094e3550c254d51d3e
phase_native_local_decoder_v9.py,direct,equation-bearing symbolic/numeric research implementation,637,66,QueryRow;PacketRow;BenchRow;compile_native;NativeLib;required_decimal_digits_for_query;compute_required_decimal_digits;fibonacci;est_q_terms;packet_depth_rows;write_csv;sha256_file;build_manifest;make_notebook;write_note;write_readme;write_sympy;write_lean;main;__init__;reset;prepare;query;reference_query;benchmark,__future__;argparse;csv;ctypes;hashlib;json;math;subprocess;dataclasses;pathlib;typing,fb4eeb5152d0ba2ec3b414d92779ccd831304758c421dab285d1b5e6bc0c8181
phase_native_radix.py,direct,equation-bearing symbolic/numeric research implementation,241,30,B_pair;seed_for_host;depth_to_floor;HostBlock;canonical_block_word;execution_coordinate;execution_coordinate_closed;core_coordinate;host_block;block_table;frac_part;to_base_digits_int;frac_digits;int_block;observable_registry;integer_registry;direct_fraction_block;stateful_fraction_blocks;integer_block;write_rows;to_row,__future__;dataclasses;fractions;typing;csv,b5e87e6341eecc3befe41848ad312070894a30ec1dea01d1c3ec0abb68dc9696
phase_native_random_access_v8.py,direct,manually confirmed mathematical mining target,44,0,extract_decimal_block;main,__future__;argparse;json;mmap;pathlib,a50ab0bd4b5364bedeec8bfee30420aac0392e012529c03c1e787e5b0080f329
phase_native_streaming_spigot.py,direct,equation-bearing symbolic/numeric research implementation,403,9,ReadyWindow;B_pair;seed_for_host;depth_to_floor;derivative_lower_bound;error_bound_from_N;safe_decimal_digits;safe_hex_digits;ready_windows;phi_anchor;native_anchor_root;_int_to_base;expand_in_base;split_blocks;first_mismatch;chudnovsky_pi;ramanujan_pi;write_csv;run;main;to_row,__future__;dataclasses;pathlib;typing;argparse;csv;json;math;time;mpmath,8711e3767a5059a6a4a8b95f89da142c235a3014844a1e39e07038234f52b405
phase_native_streaming_spigot_direct.py,direct,equation-bearing symbolic/numeric research implementation,511,13,PacketState;IterationRow;EmissionRow;VerificationResult;BenchmarkResult;fibonacci;balanced_pair;canonical_block_word;execution_coordinate;packet_state;packet_family;q_stats;packet_exact_bundle;starter_newton_from_three;adaptive_schedule;safe_digits_from_error_bound;halley_update;error_bound_from_residual;int_to_base;expand_in_base;first_mismatch;chudnovsky_pi;ramanujan_1914_pi;write_csv;sha256_file;run_direct_packet_stream;verify_and_benchmark;build_manifest;main;to_row;to_row;to_row;to_dict;to_dict,__future__;dataclasses;pathlib;typing;argparse;csv;hashlib;json;math;time;mpmath,7650cb6d5510443cec872a8d0a671fa54400f68cd88fdb9503552addbaa8a30c
phase_native_streaming_spigot_direct_v3.py,direct,equation-bearing symbolic/numeric research implementation,520,12,PacketState;IterationRow;EmissionRow;VerificationResult;fibonacci;balanced_pair;canonical_block_word;execution_coordinate;packet_state;packet_family;write_csv;sha256_file;int_to_base;expand_in_base;first_mismatch;pentagonal_bundle_fast;packet_bundle_pentagonal;newton_starter;halley_update;error_bound_from_residual;safe_digits_from_error_bound;chudnovsky_pi;ramanujan_1914_pi;benchmark_mean_seconds;compute_candidate_value;run_candidate_stream;verify_and_benchmark;build_manifest;main;to_row;to_row;to_row;to_dict;q_to,__future__;dataclasses;pathlib;typing;argparse;csv;hashlib;json;time;mpmath,c01f96c38f2e751770f0a7e561a39a0558f18648939e56b4a4bee48c571dd57d
phase_native_streaming_spigot_direct_v5.py,direct,equation-bearing symbolic/numeric research implementation,520,33,PacketState;EmissionRow;VerificationResult;PacketDepthRow;IterRow;Summary;compile_native;load_lib;candidate_fast;candidate_trace;candidate_benchmark;fibonacci;packet_state;packet_family;first_mismatch;int_to_base;expand_in_base;chudnovsky_pi;ramanujan_1914_pi;benchmark_mean_seconds;write_csv;sha256_file;build_manifest;pentagonal_term_count;packet_depth_exploration;main;above,__future__;argparse;csv;ctypes;hashlib;json;math;subprocess;time;dataclasses;pathlib;typing;mpmath,01c883295c3347510efa89b5a5c275709e8265e59d746b8b3e0b46392ae1b9e8
phase_native_streaming_spigot_direct_v6.py,direct,equation-bearing symbolic/numeric research implementation,458,39,PacketState;EmissionRow;VerificationRow;HotSummary;compile_native;load_lib;hot_run;legacy_cert_run;c_benchmark;int_to_base;expand_in_base;chudnovsky_pi;ramanujan_1914_pi;benchmark_mean_seconds;fibonacci;pentagonal_term_count;packet_depth_exploration;first_mismatch;write_csv;sha256_file;build_manifest;main;above,__future__;argparse;csv;ctypes;hashlib;json;math;subprocess;time;dataclasses;pathlib;typing;mpmath,a0054e6f785b99596dd0ee257c59fbf2e1fe2a645df075c5710f66d4a55987e1
phase_native_streaming_spigot_direct_v7.py,direct,equation-bearing symbolic/numeric research implementation,512,29,EmissionRow;CandidateRow;VerificationRow;PacketRow;compile_native;NativeLib;int_to_base;expand_in_base;chudnovsky_pi;ramanujan_1914_pi;benchmark_mean_seconds;first_mismatch;fibonacci;packet_depth_exploration;write_csv;sha256_file;build_manifest;main;__init__;reset;hot_run;full_run;benchmark,__future__;argparse;csv;ctypes;hashlib;json;math;subprocess;time;dataclasses;pathlib;typing;mpmath,db9d11bac58b9514699e76682007693760f8fc6eb699b0804f1bffda4b6c4211
phase_native_streaming_spigot_direct_v8.py,direct,equation-bearing symbolic/numeric research implementation,659,40,CandidateRow;VerificationRow;PacketRow;RandomAccessRow;compile_native;NativeLib;int_to_base;expand_in_base;chudnovsky_pi;ramanujan_1914_pi;benchmark_mean_seconds;first_mismatch;fibonacci;est_q_terms;packet_depth_exploration;write_csv;sha256_file;build_manifest;extract_decimal_block;benchmark_random_access;universal_packet_checks;make_notebook;main;__init__;reset;full_run;benchmark,__future__;argparse;csv;ctypes;hashlib;json;math;mmap;os;random;subprocess;time;dataclasses;pathlib;typing;mpmath,41b2df1a182c95ad52a284135065a899ad1696ff5b6fe3ba47d879646b83d02f
phase_radix_block_search.py,direct,equation-bearing symbolic/numeric research implementation,211,7,CandidateScore;decimal_target;hex_target;score_stream;build_fraction_stream;build_stateful_fraction_stream;build_integer_stream;candidate_scores;score_sort_key;sample_radix_table;nativeity_audit;main;to_row,__future__;dataclasses;pathlib;typing;csv;hashlib;json;time;phase_native_radix;baseline_extractors,ffbcbb900688b287deaacade3c7310579007d741f6dee40479e8183ab7e54a06
phase_selector_engine.py,direct,manually confirmed mathematical mining target,168,0,B_pair;seed_for_host;depth_to_floor;HostBlock;canonical_block_word;execution_coordinate;execution_coordinate_closed;host_block;block_table;write_block_table;selector_symbol;block_schedule_trace;to_row,__future__;dataclasses;typing;csv,8767f4cc7be2185d0838f365fbb7bbb9aa7e4c087caf55c7fe5a0f44d443900e
phase_structural_closure_v11.py,direct,equation-bearing symbolic/numeric research implementation,189,18,PositionRow;PacketDepthRow;load_json;lower_bound_digits;fibonacci;k_n;write_csv;sha256sum;main,__future__;csv;hashlib;json;math;shutil;dataclasses;pathlib;typing,c3a3c8e4f8a59031dbddc68e266ac77c35181a6b51235e278e7f145615804fed
phase_three_filter_covariance.py,direct,equation-bearing symbolic/numeric research implementation,913,52,State;next_host;op_Q;op_B;op_L;state_from_parts;intrinsic_pair;green_filter;blue_filter;classical_f_cached;unary_shadow_cached;red_branch_values;red_filter;phase_sheet_update;green_action_Q;green_action_B;green_action_L;blue_action_Q;blue_action_B;blue_action_L;red_action_Q;red_action_B;red_action_L;angular_difference;green_diff;blue_diff;red_diff;recover_from_green;recover_from_blue;recover_from_red;apply_word_state;apply_word_green;apply_word_blue;apply_word_red;mp_to_str;write_csv;sha256_of_file;compute_correlation_table;exhaustive_words;deterministic_deep_words;random_walk_words;run_covariance_gate;run_recovery_gate;product_only_counterexample;sheet_loss_witness;launched_anchor_orbit;launched_corridor;make_figures;run_analysis;build_manifest;write_sha256s;zip_package;main;kappa;phi;delta;tau;germ,__future__;argparse;csv;hashlib;itertools;json;math;random;subprocess;dataclasses;functools;pathlib;typing;matplotlib;mpmath;numpy;zipfile,d2d35c11f0a90668e2e018ebacc731976e740ba5c639a26b809a424d08a2e6c3
phase_three_filter_sympy.py,direct,equation-bearing symbolic/numeric research implementation,84,4,serialize;main,__future__;json;pathlib;sympy,6e449d0e64e38b73fef9b34dbc88863a656aeb0b5cd4c86cbd5da14de42c22ee
pre_large_scale_light_matter.py,direct,equation-bearing symbolic/numeric research implementation,622,107,G;State;norm_sq;completed_norm_sq;qgt_cell;write_csv;linear_fit;CountState;main;zero;one;mul_i;scale;norm_sq;phase_label;initial;clone;phase_positions;capacity;emit;tick;__init__;phase_positions;capacity;emit;tick,__future__;csv;hashlib;json;math;cmath;dataclasses;fractions;pathlib;typing;numpy;matplotlib,a1c51187b0783cadc172509344b4824d50d8bd3db2b997cbfdf788f65c5d7e29
primitive_modular_derivation_v61.py,direct,equation-bearing symbolic/numeric research implementation,32,16,chi12;S_matrix;gates,__future__;math;cmath;json;numpy,6ec2972a3a2aebb7ede6fee781c2a70a70f02bcb37fdd7f4dc98f57c2e15d806
primitive_shadow_correspondence_v62.py,direct,equation-bearing symbolic/numeric research implementation,41,17,finite_F;T_diag;chi8;odd8;max_abs,cmath;math;json;numpy,6cd88baffd3fb8d1dff03a9a8f1b26fd49e352ddde9bec22c166da788a948fc8
projection.py,direct,reusable mathematical/dynamical algorithm or solver component,145,41,AtomKey;ProjectedModel;atom_from_state;atoms_from_candidate;design_from_atoms;fit_projected_model;label;to_jsonable;predict;nonzero_terms;formula;to_jsonable,__future__;math;dataclasses;typing;numpy;pcsr;pcsr,cae330e112a6b2bcd3d594d04405683eb8c604579b9a35527e4cd64c7441ffbd
projector.py,direct,reusable mathematical/dynamical algorithm or solver component,40,13,FinalProjection;open_final_projection,__future__;dataclasses;numpy;pc_vdm_lifted_descent_solver;pc_vdm_lifted_descent_solver,a8957905cd36b048800b7038793a7879bf98a24eb7842e5746e7f0d4df7f52c0
projector_hygiene_selector_demote_attack_v50.py,direct,equation-bearing symbolic/numeric research implementation,100,11,State;B_pair;corrected_L;old_T_witness_layer;visible_witness;ancient_yi_digits_lsd_first;decimal_from_lsd_digits;main,dataclasses;math;json;sympy,62ee9bd85f226ec76d0f0a1ca3a976c16691790e562a0e07ff5c6c4ac6c01343
qbl_prime_watch.py,direct,equation-bearing symbolic/numeric research implementation,260,8,DomainPrimeRow;q_count;final_orientation_index;final_capacity_exponent;_required_dps;_log_fib_product;cumulative_b_steps;b_count;scan;q_divisor_progressions;_fmt_factorization;render_text;main;both_prime;correction,__future__;argparse;json;dataclasses;typing;mpmath;sympy;sympy;sympy,3c05f3b8c94d00966a26c45e6e3a033fc568f4b994e792d6fcd446f95c9631a7
qbl_step_wide_v0.S,direct,manually confirmed mathematical mining target,900,0,,,4b09ba67f0422ea08a6aec3afc332c15c4132207672ec0c6cc93272cdf8e8d3b
ramanujan_residual_balanced_windows_code.py,direct,equation-bearing symbolic/numeric research implementation,101,18,,pathlib;math;numpy;pandas;matplotlib;matplotlib,81ef24b27e8311999818edd02b38222a28fedbdf263fd35d631ab1226848a9ee
refine_plaquettes.py,direct,equation-bearing symbolic/numeric research implementation,45,4,ib;hpair,gzip;json;hashlib;csv;pathlib;mpmath,56cff1b9e8840fd2e65d2331c766f4e8a749dbba9a7c0c7b853e877e22b21058
residual_coefficient_routeB_check.py,direct,equation-bearing symbolic/numeric research implementation,32,3,,json;sympy,70da1f21d975966375bef48b30df9218dc6f6db9300ea1e6fd2634e7d4b3153f
revgsp.py,direct,reusable mathematical/dynamical algorithm or solver component,319,20,RevGSP;__init__;_clamped_normal;_base_pi;_eta_effective;_gamma_from_plv;_temporal_filter;_adaptive_window;_latency_scale;adapt;adapt_connectome,__future__;typing;math;numpy;scipy,e3d23d325f3646dc91f1936ee4a26db4bc49453462cec0b726f6f388129d2f78
shadow_residual_eta_sympy_v59.py,direct,equation-bearing symbolic/numeric research implementation,115,10,chi12;positive_half_coeffs;shadow_residual_coeffs;eta_product_coeffs;bilateral_derivative_symmetric;bilateral_shadow_symmetric;main,json;fractions;pathlib;sympy,9d83cc5beded352785c9df0a35507c71d55256567e6bdbd26e22924c5f1d6ead
shadow_residual_multiplier_v60.py,direct,equation-bearing symbolic/numeric research implementation,304,18,chi12;exponent_pair;eta_coeff_map_by_shift;eta_positive_coeff_map;make_coefficient_table;matrix_entries;write_matrix_csv;theta_vec;deriv_vec;verify_transforms;verify_eta;verify_chi_eigenvectors;verify_orientation_projection;write_exact_result_card;write_hash_manifest;main,__future__;cmath;csv;hashlib;json;math;pathlib;typing;mpmath;sympy,4ccfa0b7ce3f97487fae2e9dfa09ca928d6ae01184598dc1fbef6035e7e44774
sie.py,direct,reusable mathematical/dynamical algorithm or solver component,272,31,_sigmoid;_calculate_modulation_factor;_calculate_stabilized_reward;SelfImprovementEngine;__init__;update_and_calculate_valence;update_from_runtime_metrics;_compute_hsi_norm;get_drive;resize_buffers,numpy;scipy,6b1c4cec3fdd8c7be03a720220481176ef7350d3612dfd68d0617b1cf538e662
sie_v2.py,direct,reusable mathematical/dynamical algorithm or solver component,100,44,SIECfg;SIEState;_ema_update;_novelty_norm;_hsi_norm;sie_step;__init__,__future__;math;numpy;dataclasses,ef920c9b92af4fc4a4cc2c807bbb53f4273282466128234e1cafe97a6ec42f82
signals.py,direct,reusable mathematical/dynamical algorithm or solver component,326,19,_safe_getattr;compute_b1_z;sie_valence;compute_cohesion;compute_vt_metrics;snapshot_numbers;apply_b1_detector;compute_active_edge_density;compute_td_signal;compute_firing_var,__future__;typing;vdm_rt,1b4518c98c76b726db5d2b8eae05ccab1f341815302007ca433307f5811d3e4b
solver.py,direct,reusable mathematical/dynamical algorithm or solver component,132,31,SolverConfig;StepLog;SolveResult;LiftedDescentSolver;to_jsonable;__init__;fit,__future__;dataclasses;typing;numpy;pc_vdm_lifted_descent_solver;pc_vdm_lifted_descent_solver;pc_vdm_lifted_descent_solver;pc_vdm_lifted_descent_solver;pc_vdm_lifted_descent_solver;pc_vdm_lifted_descent_solver;pc_vdm_lifted_descent_solver,9507832a3eb35c6c9c6448f26cf7414d663a5061bf03aedd506ecf6856221d60
sparse_connectome.py,direct,reusable mathematical/dynamical algorithm or solver component,706,79,SparseConnectome;__init__;_build_alias;_alias_draw;stimulate_indices;_void_traverse;step;_active_edge_iter;_maybe_audit_frag;active_edge_count;connected_components;cyclomatic_complexity;snapshot_graph;get_phi;get_memory;connectome_entropy,__future__;numpy;networkx;typing;os;void_dynamics_adapter;announce;primitives;sie_v2;sie_v2,488c9406585b9486475015eaaaac19373f3f954ab70694afb2f3729fffcc7b36
spectral_ops.py,direct,reusable mathematical/dynamical algorithm or solver component,80,52,_omega;spectral_laplacian;spectral_grad;kg_verlet_step;stiffness;h_energy_norm_delta,__future__;numpy,46ef011ba5e0b58e0124a0c8b6978cc652d4added02da2d8798ffe705223d221
stepper.py,direct,reusable mathematical/dynamical algorithm or solver component,136,7,compute_step_and_metrics,__future__;typing;vdm_rt;vdm_rt,a9afcae5dd4c872294cca07a7a33da11159af2f4abb5560f4b8b6684a7a572c3
structural_homeostasis.py,direct,reusable mathematical/dynamical algorithm or solver component,167,51,_compute_affinity;_select_bridge_pairs;perform_structural_homeostasis,numpy,10a037746bad092fb8ac9f382048de4da828e7a8b5573768989bec94988d964d
sympy_checks.py,direct,equation-bearing symbolic/numeric research implementation,123,13,main;q,__future__;json;pathlib;sympy,891cf9d5895648b39262f62154f0bb5eb27df61181cb9d89ac068d0f5c1a63ae
sympy_endogenous_floor_proofs.py,direct,manually confirmed mathematical mining target,32,6,U,pathlib;sympy;json,4a443c550b952b5f7dcc4044dd1a3a5ab5f45a9e2c3cad096e5c49f34e6f1f2f
sympy_pc_eml_v1_5_validation.py,direct,equation-bearing symbolic/numeric research implementation,499,32,residual_str;run_symbolic_check;numeric_check;write_csv;One;Var;EMLNode;PCOne;PCVar;PCExp;PCLog;PCSub;translate;eval_eml;eval_pc,__future__;csv;json;math;dataclasses;pathlib;matplotlib;matplotlib;mpmath;sympy,f11f2bca6ea851bc274021cfbee890b103587f9ed05ff3e13caee45325499a45
sympy_phase_identities.py,direct,equation-bearing symbolic/numeric research implementation,41,1,main,__future__;sympy,cd8b9244e144e56021e85c7e504299dada80e4cf9448775b87d4b5e131c31934
sympy_phase_native_streaming_spigot_direct_v5.py,direct,equation-bearing symbolic/numeric research implementation,41,4,main,__future__;json;pathlib;sympy,153380ba08e284d34e2e82a04d7710511f5165aa360b5686256464412c15413f
sympy_phase_native_streaming_spigot_direct_v6.py,direct,equation-bearing symbolic/numeric research implementation,49,6,,__future__;json;pathlib;sympy,1b56d0a919cb9449c9560ae81559f8185d00cbae02f980965a4b1eeabf2f49e2
sympy_phase_native_streaming_spigot_direct_v7.py,direct,equation-bearing symbolic/numeric research implementation,42,4,,__future__;json;pathlib;sympy,552454f7e672693389018db2a135975fe83ddec31fbfe35dc39a12837d25c11f
sympy_phase_native_streaming_spigot_direct_v8.py,direct,equation-bearing symbolic/numeric research implementation,49,6,,__future__;json;math;pathlib;mpmath;sympy,40e7c404abdd2ff19831f00df0b08a5017246021e1db945df068ceae153a34f7
sympy_phase_radix.py,direct,equation-bearing symbolic/numeric research implementation,39,2,main,__future__;sympy,9c89488f6bcef3945f03341fc08f625180e67dedda03b62f69f693e8d0477af7
sympy_phase_structural_closure_v11.py,direct,equation-bearing symbolic/numeric research implementation,36,3,,__future__;sympy,270483160138cb0bcafc8c720264c5ba820f33fa2fa7c6ca53d79219e7638ca1
sympy_projection_loss_validation.py,direct,equation-bearing symbolic/numeric research implementation,94,6,pendulum_symbolic_checks;nbody_symbolic_checks;build_certificate;main,__future__;argparse;json;pathlib;sympy,2a1f2325811e27f78f552f7233dcb6aad87915a87a60cf666374dd469dc66d68
sympy_trace_attack.py,direct,equation-bearing symbolic/numeric research implementation,26,4,,__future__;csv;pathlib;sympy,e7cec0a10c29a8bbb538880cc206eeabbf40b4a31ea7b0d096da097e0d0fde7b
tdahe_phase_calculus_sympy_checks.py,direct,equation-bearing symbolic/numeric research implementation,76,20,,__future__;json;pathlib;sympy,624d2555277218b35df0ea3551939848d9c21566083962cd547c1c2cd47c005b
tdahe_projection_loss_sympy_attack_v46.py,direct,equation-bearing symbolic/numeric research implementation,36,11,,sympy,7605817905f518539e6c875f22e8d80eb90eda8af4bca443bdbd73aade4a4f35
termination.py,direct,reusable mathematical/dynamical algorithm or solver component,50,13,TerminationConfig;TerminationReport;evaluate_termination,__future__;dataclasses;numpy;pc_vdm_lifted_descent_solver,6df1420a2e3c7a95312ad2590b3408bdfa4a3f8cd4a84c827eaa6acc5ddf8d88
territory.py,direct,reusable mathematical/dynamical algorithm or solver component,184,7,TerritoryUF;__init__;_find;_ensure;_merge_heads;_add_member;union;mark_dirty;fold;components_count;sample_indices;sample_any,__future__;typing,ef7f3bd4427efe1ef289399b3df258960dd8abbb9dc77a631a0fb2b0a59740ef
two_filter_covariance.py,direct,manually confirmed mathematical mining target,531,21,State;next_host;op_Q;op_B;op_L;green_pair;green_filter;s3_point;stereographic_factor;recover_theta_from_green;green_recovery;green_action_Q;green_action_B;green_action_L;classical_f;unary_shadow;red_eval;red_filter;red_recovery;red_action_Q;red_action_B;red_action_L;apply_word_state;apply_word_green;apply_word_red;angular_difference;green_diff;red_diff;generate_words;write_csv;run_analysis;main;kappa;delta;tau;q;germ,__future__;argparse;csv;json;math;dataclasses;functools;pathlib;typing;matplotlib;mpmath;numpy,45c5627a5e6b53f3e69e1ed89b671763e20e8f36d8da8f2bfe5f8454af5a651d
two_filter_covariance_sympy.py,direct,manually confirmed mathematical mining target,63,4,,__future__;json;pathlib;sympy,be0a1453e19fe9ea88df2c2a189e196e509d73abd07d5694818024583d644124
unified_quintic_v1_4_validation.py,direct,equation-bearing symbolic/numeric research implementation,566,55,compose;inv;parity;commutator;closure;derived_subgroup;derived_series_sizes;cyclic_group;symmetric_group;XiHat;PiVal;PiRed;RedChannels;GRedPair;rho_scalar;Q;Q4;B_pair;B_lift;fibs;farey_symbolic_checks;eta_edge_residual;plot_derived_series;plot_q4_memory;plot_balanced_decay;plot_projection_commutes;plot_all_roots;root_key;finite_commutation_audit;plot_hierarchical_descent;write_coverage_csv;main;half_width,__future__;csv;itertools;json;math;sys;dataclasses;pathlib;typing;cmath;mpmath;matplotlib;sympy;lifted_quintic_certifier,95467ee325d945805e40220382117fa1606c3f7e883d50461beda547c078aea8
vdm_dynamics.py,direct,reusable mathematical/dynamical algorithm or solver component,93,42,TelegraphConfig;ring_laplacian;residual;energy;gradient;telegraph_step,__future__;dataclasses;numpy;pc_vdm_lifted_descent_solver,a33fe7800d44f58ae9baec6873e771f0bd0553a29686a1c82c7cbbea98014d82
vdm_dynamics_regressor.py,direct,reusable mathematical/dynamical algorithm or solver component,292,175,Macro;BalancedPair;CompletionGerm;PhaseCoordinates;Q;B;L;R;S;T;selector;apply_macro_phase;ExtendedLiftedState;TelegraphConfig;TerminationConfig;RegressorConfig;TimeSeriesDataset;load_time_series;normalize_columns;RetainedDesignFrame;ring_laplacian;residual;gradient;energy;telegraph_step;TerminationReport;SolveResult;ProjectionGate;InternalMetriplecticRuntime;_rle;_termination;_condensed_bonds;VDMFullDynamicsRegressor;fit_csv;main;__post_init__;product;refine;left_pi_units;right_pi_units;half_width;initial;recomputed;with_values;zero;copy_with;from_array;from_dataset;raw_coefficients;expression;terminated;to_jsonable;__init__;open;__init__;stimulate;step;__init__;fit,__future__;argparse;csv;json;math;dataclasses;enum;pathlib;typing;numpy,b69a13c375ee6edd2c2e2e2c74833b19cb25603d0711d4260726e020835041d3
void_dynamics_adapter.py,support,local dependency required by retained target sparse_connectome.py,82,24,universal_void_dynamics;get_domain_modulation;get_universal_constants;delta_re_vgsp;delta_gdsp,numpy;Void_Equations;Void_Debt_Modulation;vdm_rt;vdm_rt,b327187d346088a7e0f74db7823503de0c6c772763bbfa8ed3024dd026d11b6b
void_equations.py,direct,reusable mathematical/dynamical algorithm or solver component,412,43,LatticeEdge;LatticeDefinition;_canonical_stencil;_stencil_offsets;_neighbor_class;_offset_distance_sq;_geometry_weight;_axis_second_moment;_transport_renormalization;build_ring_lattice_spec;build_ring_lattice;build_grid_lattice_spec;build_grid_lattice;bond_decoherence_floor;bond_weighted_laplacian;node_potential_derivative;node_potential;bond_potential_derivative;bond_gradient_source;get_constants;edge_pairs;idx;project,__future__;dataclasses;typing;numpy,2fc93d880b0577169c2a9eefbdd5148039f94775056f98f1b02a4d9309d99dd5
xigraph_sympy_audit.py,direct,equation-bearing symbolic/numeric research implementation,84,6,lowbit;xi_word_step;audit_bit_carry;audit_balanced_corridor;audit_resolution_order;main,__future__;json;pathlib;sympy,301addd716d1604ffdcf9700a0bd0ed382f9e25e6b1ed0c983b70766bdd05c8c
yinyang_transform.py,direct,equation-bearing symbolic/numeric research implementation,64,32,create_component_grid;transform_yin_to_yang;transform_yang_to_yin,numpy,a7bb89d6710f055dbc8ed01100804e585da71796f4220da2df5c7f5035ddc801
